Title,Price,Product Url
INR 18650 2500mah Battery (2 Pack) - Samsung,$14.99 ,http://breazy.com/products/samsung-inr18650-25r-2500mah
SMOK TFV12 Prince Replacement Coils (3 Pack) - SMOK,$13.49 ,http://breazy.com/products/smok-tfv12-prince-replacement-coils-3-pack-smok
V8-Baby Q2 Dual Core Replacement Coils (5 Pack) - Smok,$11.99 ,http://breazy.com/products/v8-baby-q2-dual-core-5-pack-smok
TFV8 Baby X4 Replacement Coils 5 Pack - Smok,$13.99 ,http://breazy.com/products/tfv8-baby-x4-replacement-coils-5-pack-smok
Crown V3 Replacement Coils (4 Pack) - Uwell,$10.99 ,http://breazy.com/products/crown-v3-coils-4-pack-uwell
V8-Baby T8 Octuple Core 5 Pack - Smok,$16.99 ,http://breazy.com/products/v8-baby-t8-octuple-core-5-pack-smok
TFV8 V8-T8 Octuple Coils 3 Pack [0.15ohm] - Smok,$12.99 ,http://breazy.com/products/tfv8-v8-t8-coils-3-pack-0-15ohm-smok
60ml LDPE Unicorn Bottle - Chubby Gorilla,$0.60 ,http://breazy.com/products/60ml-unicorn-bottle-chubby-gorilla
Mi-Pod Replacement Pods (2 Pack) - Smoking Vapor,$8.99 ,http://breazy.com/products/mi-pod-replacement-pods-2-pack-smoking-vapor
18650 30Q Pink Battery 2 Pack - Samsung,$14.99 ,http://breazy.com/products/18650-30q-pink-battery-2-pack-samsung
Suorin Drop Replacement Cartridge (1 Pack) - Suorin,$4.99 ,http://breazy.com/products/suorin-drop-replacement-cartridge-1-pack-suorin
TFV12 V12-Q4 Replacement Coils (3 Pack) - Smok,$9.99 ,http://breazy.com/products/tfv12-v12-q4-replacement-coils-3-pack-smok
Uwell Valyrian 0.15 Ohm Replacement Coils (2 Pack) - Uwell,$8.99 ,http://breazy.com/products/uwell-valyrian-0-15-ohm-replacement-coils-2-pack-uwell
Organic Japanese Cotton - 5 Pack,$1.99 ,http://breazy.com/products/organic-japanese-cotton-5-pack
30ml Unicorn Bottle - Chubby Gorilla,$0.99 ,http://breazy.com/products/30ml-unicorn-bottle-chubby-gorilla
I2 ChargerVersion - Nitecore,$14.99 ,http://breazy.com/products/i2-charger-2016-version-nitecore
V8-Baby T6 Sextuple Core 5 Pack - Smok,$14.99 ,http://breazy.com/products/v8-baby-t6-sextuple-core-5-pack-smok
VTC6 18650 3000mAh 15A Flat Top Battery (2 Pack) - Sony,$14.99 ,http://breazy.com/products/vtc6-18650-3000mah-15a-flat-top-battery-sony
Coilart Prebuilt Coils - Coilart,$5.49 ,http://breazy.com/products/coilart-prebuilt-coils-10-pack-coilart
SMOK Baby V8 Mesh Replacement Coils 5 Pack - SMOK,$13.99 ,http://breazy.com/products/smok-baby-mesh-replacement-coils-5-pack-0-4ohms-smok
MyJet Replacement Pods (5 Pack) - Wismec,$19.99 ,http://breazy.com/products/myjet-replacement-pods-5-pack-wismec
Cotton Bacon Bits V2 - Wick 'N' Vape,$4.99 ,http://breazy.com/products/cotton-bacon-bits-v2-wick-n-vape
Breeze Replacement Coils (5 Pack) - Aspire,$8.99 ,http://breazy.com/products/breeze-replacement-coils-5-pack-aspire
Replacement Air Cartridge - Suorin,$4.99 ,http://breazy.com/products/replacement-air-cartridge-suorin
Falcon Replacement Coils (3 Pack) - Horizon Tech,$8.99 ,http://breazy.com/products/falcon-replacement-coils-3-pack-horizon-tech
Cotton Bacon Prime – Wick N Vape,$3.99 ,http://breazy.com/products/cotton-bacon-prime-wick-n-vape
8 In 1 Prebuilt Coil Set - Demon Killer,$9.99 ,http://breazy.com/products/8-in-1-prebuilt-coil-set-demon-killer
COTN Threads (20pcs per pack) - COTN,$5.99 ,http://breazy.com/products/cotn-threads-20pcs-per-pack-cotn
TFV8 V8-T10 Decuple Coils 3 Pack [0.12ohm] - Smok,$13.49 ,http://breazy.com/products/tfv8-v8-t10-decuple-coils-3-pack-0-12ohm-smok
Aspire Cleito Replacement Coils (5 Pack),$16.49 ,http://breazy.com/products/aspire-cleito-coils-0-4-ohm-5-pack
TFV8 Cloud Beast Replacement Coils (3 Pack) - Smok,$13.99 ,http://breazy.com/products/tfv8-cloud-beast-replacement-coils-3-pack-smok
Samsung INR 18650 2500mAh Battery (Single Battery),$9.99 ,http://breazy.com/products/samsung-inr-18650-2500mah-battery-single-battery
Infinix Replacement Cartridge Pods (3 Pack) - Smok,$11.99 ,http://breazy.com/products/infinix-replacement-cartridge-pods-3-pack-smok
Slik Replacement Pods (2 Pack) - Alur,$7.49 ,http://breazy.com/products/slik-replacement-pods-2-pack-alur
TFV12 Prince Mesh Replacement Coils (3 Pack) - Smok,$14.99 ,http://breazy.com/products/tfv12-prince-mesh-replacement-coils-3-pack-smok
Nunchaku Replacement Coils (4 Pack) - Uwell,$9.99 ,http://breazy.com/products/nunchaku-replacement-coils-4-pack-uwell
TFV12 V12-T12 Quadruple Coil 0.12Ohm (3 Pack) - Smok,$15.99 ,http://breazy.com/products/tfv12-v12-t12-quadruple-coil-0-12ohm-3-pack-smok
iShare Replacement Cartridges (3 Pack) - Suorin,$7.49 ,http://breazy.com/products/ishare-replacement-cartridges-3-pack-sourin
TFV8 V8-X4 3 Pack 0.15ohm - Smok,$8.99 ,http://breazy.com/products/tfv8-v8-x4-3-pack-0-15ohm-smok
Fireluke Mesh Replacement Coils 5Pack - Freemax,$18.99 ,http://breazy.com/products/fireluke-mesh-replacement-0-15ohm-coils-freemax
UForce Replacement Coils (5 Pack) - VooPoo,$12.49 ,http://breazy.com/products/uforce-replacement-coil-5-pack-voopoo
15ml Unicorn Bottle - Chubby Gorilla,$0.69 ,http://breazy.com/products/15ml-unicorn-bottle-chubby-gorilla
NRG Replacement Coils (3 Pack) - Vaporesso,$9.99 ,http://breazy.com/products/nrg-replacement-coils-3-pack-vaporesso
Sense VJet Replacement Coils (5 Pack) - Sense,$10.99 ,http://breazy.com/products/vjet-replacement-coils-5-pack-sense
TFV8 X Baby M2 Coil (3 Pack) – Smok,$6.99 ,http://breazy.com/products/tfv8-x-baby-m2-coil-3-pack-smok
LG HG2 18650 3000mAh 20A Battery - LG,$9.99 ,http://breazy.com/products/lg-hg2-18650-3000mah-20a-battery-lg
TFV12 V12-X4 Replacement Coils (3 Pack) - Smok,$14.99 ,http://breazy.com/products/tfv12-v12-x4-replacement-coils-3-pack-smok
Kanger Nickel Ni200 OCC Coils (5 Pack) - Coils,$7.49 ,http://breazy.com/products/kangertech-nickel-ni200-occ-coil-5-pack-coil
New i4 Intellicharger Smart Battery Charger - Nitecore,$18.49 ,http://breazy.com/products/new-i4-intellicharger-smart-battery-charger-nitecore
V8 Baby Q4 Replacement Coils (5 Pack) - Smok,$11.99 ,http://breazy.com/products/v8-baby-q4-replacement-coils-5-pack-smok
Dual 18650 Battery Case - Chubby Gorilla,$1.99 ,http://breazy.com/products/dual-18650-battery-case-chubby-gorilla
Breeze 2 Replacement Coils (5 Pack) - Aspire,$9.99 ,http://breazy.com/products/breeze-2-replacement-coils-5-pack-aspire
Captain Coils (3 Pack) - iJoy,$6.99 ,http://breazy.com/products/captain-coils-3-pack-ijoy
Freemax Fireluke FireLock Coils - Freemax ,$8.99 ,http://breazy.com/products/freemax-fireluke-firelock-coils-freemax
Rolo Badge Replacement Cartridge (3 Pack) � Smok ,$11.99 ,http://breazy.com/products/rolo-badge-replacement-cartridge-3-pack-smok
Smok TFV8 Resin Drip Tip - Smok ,$7.99 ,http://breazy.com/products/smok-tfv8-resin-drip-tip-smok
EC Replacement Coils (5 Pack) - Eleaf ,$10.50 ,http://breazy.com/products/ec-coil-5-pack-eleaf
Pro C2 Charger - Efest ,$13.49 ,http://breazy.com/products/pro-c2-charger-efest
Herakles Plus 316L Triple Coil- 0.2 Ohm (5 Pack) ,$5.99 ,http://breazy.com/products/herakles-plus-316l-triple-coil-0-2-ohm-5-pack
Supertank Coil .2Ohm and .5Ohm (5 Pack) - Tobeco ,$9.49 ,http://breazy.com/products/supertank-coil-2ohm-and-5ohm-5-pack-tobecco
Kendo Vape Cotton Gold Edition - Pure Atomist,$4.99 ,http://breazy.com/products/kendo-vape-cotton-gold-edition-pure-atomist
SMOK Baby T12 Light Replacement Coils 5 Pack (0.15Ohms) - SMOK,$14.99 ,http://breazy.com/products/smok-baby-t12-light-replacement-coils-5-pack-0-15ohms-smok
Stick M17 Replacement Coils (5 Pack) - Smok,$9.99 ,http://breazy.com/products/stick-m17-replacement-coils-5-pack-smok
TFV12 V12-T8 Cloud Beast King Coils (3 Pack) - Smok,$11.49 ,http://breazy.com/products/tfv12-v12-t8-cloud-beast-king-coils-3-pack-smok
Captain X3 Mesh Replacement Coils – iJoy,$7.99 ,http://breazy.com/products/captain-x3-mesh-replacement-coils-ijoy
Baby X Replacement Coils (3 Pack) - Smok,$7.49 ,http://breazy.com/products/baby-x-replacement-coils-3-pack-smok
TFV12 V12-T6 0.17 Ohm Replacement Coils (3 Pack) - Smok,$19.99 ,http://breazy.com/products/tfv12-v12-t6-0-16-ohm-replacement-coils-3-pack-smok
Replacement Coils (3 Pack) - Vaporesso,$6.99 ,http://breazy.com/products/replacement-coils-vaporesso
18650 3500MAH 30A (Flat Top/Gold) Batteries 2pk - IMREN,$19.99 ,http://breazy.com/products/18650-3500mah-30a-flat-top-gold-batteries-2pk-imren
Nitecore Quick Charger - Nitecore,$13.49 ,http://breazy.com/products/nitecore-quick-charger-nitecore
Efest Lush Charger - Efest,$13.49 ,http://breazy.com/products/efest-lush-charger-efest
Vape Pen Replacement Coil (5 Pack) - Smok,$9.99 ,http://breazy.com/products/vape-pen-replacement-coil-smok
Uwell Crown V3 Drip Tip - Uwell,$3.49 ,http://breazy.com/products/crown-v3-drip-tip-uwell
Revvo Replacement Coils (3 Pack) - Aspire,$5.99 ,http://breazy.com/products/revvo-replacement-coils-3-pack-aspire
Cascade Replacement Coils (3 Pack)- Vaporesso,$8.49 ,http://breazy.com/products/cascade-replacement-coils-3-pack-vaporesso
Kanger SSOCC Replacement Coils (5 Pack) - Kangertech,$9.49 ,http://breazy.com/products/kanger-ssocc-replacement-coils-5-pack-kangertech
AKD Five6 Tiger Replacement Coil 2 Pack - KangerTech,$4.99 ,http://breazy.com/products/five6-tiger-replacement-coil-2-pack-kangertech
Kanger DRIPBOX Coils (3 Pack),$9.99 ,http://breazy.com/products/kanger-dripbox-coils-3-pack
Herakles Replacement Sub Ohm Coils (5 Pack) - Sense,$10.99 ,http://breazy.com/products/herakles-replacement-sub-ohm-coils-5-pack-sense
Coil Cleaner - Switch IT E Liquid,$19.99 ,http://breazy.com/products/coil-cleaner-switch-it-e-liquid
Skynet Coil Kit - Coil Master,$19.99 ,http://breazy.com/products/skynet-coil-kit-coil-master
NRG GT4 Replacement Coils - Vaporesso,$8.99 ,http://breazy.com/products/nrg-gt4-replacement-coils-vaporesso
TFV8 Baby M2 Replacement Coils (5 Pack) - Smok,$9.99 ,http://breazy.com/products/tfv8-baby-m2-replacement-coils-5-pack-smok
Conflict 18650 Battery - Conflict Mods,$9.99 ,http://breazy.com/products/conflict-18650-battery-conflict-mods
TFV12 V12-T14 Coils (3 Pack) - Smok,$13.99 ,http://breazy.com/products/tfv12-v12-t14-coils-3-pack-smok
V8 Baby M2 Core Replacement Coils (5 Pack) - Smok,$9.99 ,http://breazy.com/products/v8-baby-m2-core-replacement-coils-5-pack-smok
Mesh Pro Tank Coils (3pk) - Freemax,$7.49 ,http://breazy.com/products/mesh-pro-tank-coil-3pk-freemax
Rock Vapor Module Replacement (2 Pack) - Boulder International,$6.99 ,http://breazy.com/products/rock-vapor-module-replacement-2-pack-boulder-international
Kanger SSOCC Clapton Coils 0.5 Ohm 5-pack,$14.99 ,http://breazy.com/products/kanger-ssocc-clapton-coils-0-5-ohm-5-pack
Arctic BTDC Coils (5 Pack) - Coils,$14.95 ,http://breazy.com/products/arctic-btdc-coils-5-pack
New Generation Replacement Pods (3 Pack) - Ghost,$5.99 ,http://breazy.com/products/new-generation-replacement-pods-3-pack-ghost
Mi One Replacement Coils 0.6 Ohms (5 Pack) - Smoking Vapor,$9.49 ,http://breazy.com/products/mi-one-replacement-coils-0-6-ohms-5-pack-smoking-vapor
Cubis BF Replacement Coils (5 Pack) – Joyetech,$4.49 ,http://breazy.com/products/cubis-bf-replacement-coils-5-pack-joyetech
Slim K2 Battery Charger - Efest,$6.49 ,http://breazy.com/products/slim-k2-battery-charger-efest
TFV8 X Baby T6 Coils (3pk) - Smok,$9.49 ,http://breazy.com/products/tfv8-x-baby-t6-coils-3pk-smok
Melo 2 / iJust 2 Atomizer head (5 Pack) – Eleaf,$7.49 ,http://breazy.com/products/melo-2-ijust-2-atomizer-head-5-pack-eleaf
Kanger NI200 SSOCC Replacement Coils 5 Pack (0.15 Ohms),$14.99 ,http://breazy.com/products/kanger-ni200-ssocc-replacement-coils-5-pack-0-15-ohms
Dead Rabbit RDA Challenge Cap - Hell Vape,$14.99 ,http://breazy.com/products/dead-rabbit-rda-challenge-cap-hell-vape
EUC Ceramic Coil (5 Pack) - Vaporesso,$7.99 ,http://breazy.com/products/euc-ceramic-0-5ohm-coil-5-pack-vaporesso
Atopack Penguin Replacement Coils (5 Pack) - Joyetech,$8.49 ,http://breazy.com/products/atopack-penguin-replacement-coils-5-pack-joyetech
Kanger SSOCC Coils 1.2 Ohm 5-pack,$14.99 ,http://breazy.com/products/kanger-ssocc-coils-1-2-ohm-5-pack
Exceed Coils (5 Pack) - Joyetech,$7.99 ,http://breazy.com/products/exceed-coils-joyetech
Aspire Athos Replacement Coils - Aspire,$6.99 ,http://breazy.com/products/aspire-athos-replacement-coils-aspire
Smok Fit Replacement Pod Cartridges (3 Pack) - Smok,$5.99 ,http://breazy.com/products/smok-fit-replacement-pod-cartridges-3-pack-smok
Crown 2 Replacement Coils (4 Pack) - Uwell,$6.99 ,http://breazy.com/products/crown-2-replacement-coils-4-pack-uwell
Rafale Replacement Coils - Uwell,$7.49 ,http://breazy.com/products/rafale-replacement-coils-uwell
Stealth Replacement Pod - Kado,$4.99 ,http://breazy.com/products/stealth-replacement-pod-kado
HW Cylinder Head For Ello Mini (5 Pack) – Eleaf,$8.99 ,http://breazy.com/products/hw-cylinder-head-for-ello-mini-5-pack-eleaf
Demon Killer Replacement Coils (8 Pack) - Demon Killer,$5.49 ,http://breazy.com/products/demon-killer-replacement-coils-8-pack-demon-killer
Uwell Crown Ni200 Dual Nickel Coils (0.15 ohm) - 4 Pack,$14.99 ,http://breazy.com/products/uwell-crown-ni200-dual-nickel-coils
LMC Pulse Replacement Pods (3 Pack) - Limitless,$13.99 ,http://breazy.com/products/lmc-pulse-replacement-pods-3-pack-limitless
Ceramic Coil 5 Pack - Kanger,$11.49 ,http://breazy.com/products/ceramic-coil-5-pack-kanger
SODA Dual Battery Charger - Efest,$10.49 ,http://breazy.com/products/soda-dual-battery-charger-efest
Ohmie Replacement Coils (5 Pack) - Asmodus,$12.99 ,http://breazy.com/products/ohmie-replacement-coils-5-pack-asmodus
PockeX Replacement Coil (5 Pack) - Aspire,$11.99 ,http://breazy.com/products/pockex-replacement-coil-aspire
Smoant S8 Pod Cartridge – Smoant,$3.99 ,http://breazy.com/products/smoant-s8-pod-cartridge-smoant
eGo AIO ECO Coil (5 Pack) – Joyetech,$7.99 ,http://breazy.com/products/ego-aio-eco-coil-5-pack-joyetech
Atlantis 2 Coil (5 Pack) - Aspire,$11.99 ,http://breazy.com/products/atlantis-2-coil-aspire
RX Gen3 Coils (5 Pack) - Wismec,$9.99 ,http://breazy.com/products/rx-gen3-coils-5-pack-wismec
Blazer 200 Replacement Coils - Sense,$9.49 ,http://breazy.com/products/blazer-200-replacement-coils-sense
SmokTech TF-N2 Ni200 Coil (0.12 ohm) 5-pack,$4.99 ,http://breazy.com/products/smoktech-tf-n2-ni200-coil-0-12-ohm-5-pack
Lush Q4 Charger - Efest,$19.99 ,http://breazy.com/products/lush-q4-charger-efest
Frogman Wall Crawler Replacement Coils (5 Pack) - Vaptio,$13.99 ,http://breazy.com/products/frogman-wall-crawler-replacement-coils-5-pack-vaptio
Clapton Replacement Coils (5 Pack) - Kangertech,$10.99 ,http://breazy.com/products/clapton-replacement-coils-5-pack-kangertech
CLOCC Coil (5 Pack) – KangerTech,$10.99 ,http://breazy.com/products/clocc-coil-5-pack-kangertech
TFV8 Baby T12 Coils (5 Pack) - Smok,$14.99 ,http://breazy.com/products/tfv8-baby-t12-coils-5-pack-smok
Vagon Replacement Pod Cartridges (2 Pack) - Suorin,$5.99 ,http://breazy.com/products/vagon-replacement-pod-cartridges-2-pack-suorin
Aspire Cleito 120 Replacement Coils (5pack) – Aspire,$16.49 ,http://breazy.com/products/aspire-cleito-120-replacement-coils-5pk-aspire
Maze Replacement Coil (3 Pack) - Vandy Vape,$6.99 ,http://breazy.com/products/maze-replacement-coil-3-pack-vandy-vape
TFV12 Prince X2 Coils (3 Pack) - Smok,$14.99 ,http://breazy.com/products/tfv12-prince-x2-coils-3-pack-smok
iCare Replacement Cartridge and Coil - Eleaf,$2.99 ,http://breazy.com/products/icare-replacement-cartridge-and-coil-eleaf
SMOK TFV8 Sub Ohm Tank & Coils 3 Pack Bundle - SMOK,$34.99 ,http://breazy.com/products/smok-tfv8-sub-ohm-tank-coils-3-pack-bundle-smok
Uwell Valyrian Sub Ohm Tank Plus Coils Bundle - Uwell,$34.99 ,http://breazy.com/products/uwell-valyrian-sub-ohm-tank-plus-coils-bundle-uwell
Wulf Maxx 18650 Battery - Wulf Mods,$8.99 ,http://breazy.com/products/wulf-maxx-18650-battery-wulf-mods
Panda Replacement Cartridge (1pk) - VooPoo,$3.99 ,http://breazy.com/products/panda-replacement-cartridge-1pk-voopoo
TFV4 Replacement Coils (5 Pack) - Smok,$6.99 ,http://breazy.com/products/tfv4-replacement-coils-5-pack-smok
ESYB M2 USB Battery Charger - E.SYB,$14.99 ,http://breazy.com/products/esyb-m2-usb-battery-charger-e-syb
Aspire Breeze Charging Dock - Aspire,$11.49 ,http://breazy.com/products/aspire-breeze-charging-dock-aspire
DM-Mesh Replacement Coils (3 Pack) - iJoy,$8.99 ,http://breazy.com/products/dm-mesh-replacement-coils-3-pack-ijoy
Jili Box Charging Case - Uptown Tech,$19.99 ,http://breazy.com/products/jili-box-charging-case-uptown-tech
UD Ni200 Nickel Wire - Coils,$3.99 ,http://breazy.com/products/ud-ni200-nickel-wire-coils
Super Tank Ni200 Replacement Coils (5 Pack) - Tobeco,$9.99 ,http://breazy.com/products/super-tank-ni200-replacement-coils-5-pack-tobeco
V8-Baby T6 Replacement Coils (5 Pack) - Smok,$14.49 ,http://breazy.com/products/v8-baby-t6-replacement-coils-5-pack-smok
Arco Replacement Coils (3 Pack) - Horizon,$10.49 ,http://breazy.com/products/arco-replacement-coils-3-pack-horizon
NS Triple Replacement Coils (5 Pack) - Jaybo & Wismec,$8.99 ,http://breazy.com/products/ns-triple-replacement-coils-5-pack-jaybo-wismec
Spiral Replacement Coil (Pack 5) - Smok,$12.99 ,http://breazy.com/products/spiral-coil-smok
TFV12 Prince Strip Replacement Coils 0.15 Ohms (3 Pack) - Smok,$14.99 ,http://breazy.com/products/tfv12-prince-strip-replacement-coils-0-15-ohms-pack-of-3-smok
Superfine MTL Coil Spool (10 Feet) - Vandy Vape,$1.99 ,http://breazy.com/products/superfine-mtl-coil-spool-10-feet-vandy-vape
KA1 100 Foot 22 Gauge Wire Spool - Demon Killer,$9.99 ,http://breazy.com/products/ka1-100-foot-22-gauge-wire-spool-demon-killer
Blazer Mini Coil (5 Pack) – Sense,$10.49 ,http://breazy.com/products/blazer-mini-coil-5-pack-sense
Notch Coil (5 Pack) - Wismec & Jaybo,$5.49 ,http://breazy.com/products/notch-coil-5-pack-wismec-jaybo
Custom Painted TFV8 Cloud Beast Replacement Glass - Skulls - VCG Hip Squad Customs,$15.95 ,http://breazy.com/products/custom-painted-tfv8-cloud-beast-replacement-glass-skulls-vcg-hip-squad-customs
Herakles 3 Replacement Coils (5 Pack) - Sense,$10.99 ,http://breazy.com/products/herakles-iii-replacement-coils-5-pack-sense
Cleito 120 Replacement Glass - Aspire,$2.49 ,http://breazy.com/products/cleito-120-replacement-glass-aspire
Marquee Replacement Coils (5 Pack) - Limitless Mod Co.,$11.49 ,http://breazy.com/products/marquee-replacement-coils-5-pack-limitless-mod-co
Cotton Bacon Version 2.0 - Wick N Vape,$4.99 ,http://breazy.com/products/cotton-bacon-version-2-0-wick-n-vape
Custom Painted TFV8 Baby Beast Replacement Glass - Skulls - VCG Hip Squad Customs,$15.95 ,http://breazy.com/products/custom-painted-tfv8-baby-beast-replacement-glass-skulls-vcg-hip-squad-customs
SOCC Single Coil (5 Pack) – KangerTech,$3.99 ,http://breazy.com/products/socc-single-coil-5-pack-kangertech
Aspen Slim Replacement Coils (3 Pack) - Boulder International,$6.99 ,http://breazy.com/products/aspen-slim-replacement-coils-3-pack-boulder-international
Custom Painted TFV12 Cloud Beast King Replacement Glass - Skulls - VCG Hip Squad Customs,$15.95 ,http://breazy.com/products/custom-painted-tfv12-cloud-beast-king-replacement-glass-skulls-vcg-hip-squad-customs
LUC V4 Battery Charger - Efest,$22.49 ,http://breazy.com/products/luc-v4-battery-charger-efest
Rune Pod Mod Replacement Pods (5 Pack) - Rune Vape,$19.95 ,http://breazy.com/products/rune-pod-mod-replacement-pods-5-pack-rune-vape
Sense Cyclone Coils 5 Pack,$4.99 ,http://breazy.com/products/sense-cyclone-coils-5-pack
Wismec Amor Mini Coil Heads (5 Pack) - Wismec,$7.49 ,http://breazy.com/products/wismec-amor-mini-coil-heads-5-pack-wismec
TFV8 Snake Skin Drip Tip - Blitz Enterprises,$4.99 ,http://breazy.com/products/tfv8-snake-skin-drip-tip-blitz-enterprises
D4 Digi Charger - Nitecore,$39.99 ,http://breazy.com/products/d4-digi-charger-nitecore
Vapers Ceramic Tweezers - Tobeco,$4.49 ,http://breazy.com/products/vapers-ceramic-tweezers-tobeco
TFV8 RBA Coil – Smok,$9.49 ,http://breazy.com/products/tfv8-rba-0-28ohm-coil-smok
Arctic Dual BTDC Replacement Coils (5 Pack) – Horizon,$8.99 ,http://breazy.com/products/arctic-dual-btdc-replacement-coils-5-pack-horizon-tech
LUC V6 Charger - Efest,$35.99 ,http://breazy.com/products/luc-v6-charger-efest
Sigelei Fuchai V2 Replacement Coils 5 pack - Sigelei,$5.99 ,http://breazy.com/products/sigelei-fuchai-v2-replacement-coils-5-pack-sigelei
Custom Painted TFV8 Big Baby Beast Replacement Glass - Skulls - VCG Hip Squad Customs,$15.95 ,http://breazy.com/products/custom-painted-tfv8-big-baby-beast-replacement-glass-skulls-vcg-hip-squad-customs
BF SS316 DL Replacement Coils (5 Pack) - Joyetech,$7.49 ,http://breazy.com/products/bf-ss316-dl-replacement-coils-5-pack-joyetech
Mission 2.2ohm Cartridges (4pk) - Fundamental Particle,$4.99 ,http://breazy.com/products/mission-2-2ohm-cartridges-4pk-fundamental-particle
Pocket Box Coil (5 Pack) - Innokin,$9.99 ,http://breazy.com/products/pocket-box-coil-5-pack-innokin
5 In 1 Prebuilt Coil Pack - Ohm Science,$17.49 ,http://breazy.com/products/5-in-1-prebuilt-coil-ohm-science
GS Air 2 Replacement Coil (5 Pack) – Eleaf,$6.99 ,http://breazy.com/products/gs-air-2-replacement-coil-5-pack-eleaf
Flow Tank Replacement Coils (5 Pack) - Wotofo,$9.99 ,http://breazy.com/products/flow-tank-coils-5-pack-wotofo
Ox Horn Drip Tips Single,$5.25 ,http://breazy.com/products/ox-horn-drip-tips-single
Resin Drip Tip Single,$5.25 ,http://breazy.com/products/resin-drip-tip-single
iJoy Captain CA2 0.3 Ohm Replacement Coils (3 Pack) - iJoy,$9.49 ,http://breazy.com/products/ijoy-captain-ca2-replacement-coil-3-pack-ijoy
Cleito EXO Replacement Coil - Aspire,$15.49 ,http://breazy.com/products/cleito-exo-replacement-coil-aspire
Atopack Penguin Replacement Cartridge - Joyetech,$2.99 ,http://breazy.com/products/atopack-penguin-cartridge-joyetech
Defender Replacement Coils (5 Pack) - Asvape,$13.99 ,http://breazy.com/products/defender-replacement-coils-5-pack-asvape
MGS Triple Coil Atomizer Heads (5pk) - Joyetech,$4.99 ,http://breazy.com/products/mgs-triple-coil-atomizer-heads-5pk-joyetech
Herakles Hydra Ni200 Nickel Coils (5 Pack),$9.99 ,http://breazy.com/products/herakles-hydra-ni200-nickel-coils-5-pack
LUC V2 Battery Charger - Efest,$18.49 ,http://breazy.com/products/luc-v2-battery-charger-efest
Winter Ice (4 Packs) - Pixotine,$19.99 ,http://breazy.com/products/winter-ice-4-pack-pixotine
Atopack JVlC2 Coils (5 Pack) - Joyetech,$6.99 ,http://breazy.com/products/atopack-jvlc2-coils-5-pack-joyetech
Sense Cyclone Ni200 Nickel Coil 5 Pack,$9.99 ,http://breazy.com/products/sense-cyclone-ni200-nickel-coil-5-pack
Kangertech AKD Five6 Replacement Glass - Kangertech,$3.99 ,http://breazy.com/products/kangertech-akd-five6-replacement-glass-kangertech
XSmart Single USB Charger - Efest,$7.99 ,http://breazy.com/products/xsmart-single-usb-charger-efest
Lady Q Replacement Coils (5 Pack) - Artery Vapor,$6.49 ,http://breazy.com/products/lady-q-replacement-coils-5-pack-artery-vapor
Ceramic CCell Kanthal Coil (5 Pack) - Vaporesso,$11.99 ,http://breazy.com/products/ceramic-c-cell-kanthal-0-9ohm-coil-5-pack-vaporesso
Pocketbox Replacement Coils (5 Pack) - Innokin,$9.49 ,http://breazy.com/products/pocketbox-replacement-coils-5-pack-innokin
Atopack JVIC1 Replacement Coils (5 Pack) - Joyetech,$8.99 ,http://breazy.com/products/atopack-jvic1-replacement-coils-5-pack-joyetech
Atlantis EVO Coils (5 Pack) – Aspire,$12.99 ,http://breazy.com/products/atlantis-evo-coils-5-pack-aspire
Target C-Cell Coil 5 Pack - Vaporesso,$11.49 ,http://breazy.com/products/target-c-cell-coil-5-pack-vaporesso
Hextron Replacement Coils (3 Pack) – Limitless Mod Co.,$7.49 ,http://breazy.com/products/hextron-replacement-coils-3-pack-limitless-mod-co
Tri-Plastic Fidget Spinner Toy - Spinners,$2.99 ,http://breazy.com/products/tri-plastic-fidget-spinner-toy-breazy
TF-CLP2 Shorty Clapton Dual Replacement Coils (5 Pack) – Smok,$1.99 ,http://breazy.com/products/tf-clp2-shorty-clapton-dual-replacement-coils-5-pack-smok
B2 Replacement Coil - Smok,$9.99 ,http://breazy.com/products/b2-replacement-coils-smok
Herakles Pro Coil (5 Pack) – Sense,$10.49 ,http://breazy.com/products/herakles-pro-coil-5-pack-sense
Organic Japanese Cotton Sheets (200 Sheets),$29.99 ,http://breazy.com/products/organic-japanese-cotton-sheets-200-sheets
Vapin Wick N Wire - Vapin America,$5.70 ,http://breazy.com/products/vapin-wick-n-wire-vapin-america
IQ Mini Pods (2 Pack) - Hangsen,$5.99 ,http://breazy.com/products/iq-mini-pods-2-pack-hangsen
XL C3 Light Up Chip Coil (3 Pack) – iJoy,$10.99 ,http://breazy.com/products/xl-c3-light-up-chip-coil-3-pack-ijoy
ELLO HW2 Dual Cylinder Coil (5 Pack) - Eleaf,$7.99 ,http://breazy.com/products/ello-hw2-dual-cylinder-coil-5-pack-eleaf
Dual Replacement Coils (5 Pack) - Kangertech,$5.49 ,http://breazy.com/products/dual-replacement-coils-5-pack-kangertech
LUC 1 Bay Mini Charger - Efest,$9.99 ,http://breazy.com/products/luc-1-bay-mini-charger-efest
NOVO Replacement Pod Cartridges (3 Pack) - SMOK,$8.49 ,http://breazy.com/products/novo-replacement-pod-cartridges-3-pack-smok
Nautilus X Replacement Coils (5 Pack) - Aspire,$13.49 ,http://breazy.com/products/nautilus-x-replacement-coils-5-pack-aspire
Micro USB Cable – CYNC,$0.99 ,http://breazy.com/products/micro-usb-cable-cync
Custom Painted TFV12 Cloud Beast King Replacement Glass - Casino - VCG Hip Squad Customs,$15.95 ,http://breazy.com/products/custom-painted-tfv12-cloud-beast-king-replacement-glass-casino-vcg-hip-squad-customs
Helmet CLP Replacement Coil - Smok,$11.99 ,http://breazy.com/products/helmet-clp-replacement-coil-smok
Defiant Ceramic Replacement Coils (5 Pack) – Council of Vapor,$15.49 ,http://breazy.com/products/defiant-ceramic-replacement-coils-5-pack-council-of-vapor
Tank Coil (2 Pack) – PeaceMaker,$5.49 ,http://breazy.com/products/tank-coil-2-pack-peacemaker
Helmet Nano Replacement Coils (5 Pack) - Smok,$11.99 ,http://breazy.com/products/helmet-nano-replacement-coils-5-pack-smok
Vopo Replacement Coils (5 Pack) - Vapor Tech,$5.99 ,http://breazy.com/products/vopo-replacement-coils-5-pack-vapor-tech
Pulse Replacement Pods (3 Pack) - Limitless Mod Co.,$8.99 ,http://breazy.com/products/pulse-replacement-pods-3-pack-limitless-mod-co
Cleito 120 Replacement Coils (5 Pack) - Aspire,$3.49 ,http://breazy.com/products/cleito-120-replacement-coils-5-pack-aspire
LUC S2 Battery Charger - Efest,$19.99 ,http://breazy.com/products/luc-s2-battery-charger-efest
Handmade Fused Clapton Coils (2 Pack) - Coilart,$9.99 ,http://breazy.com/products/handmade-fused-clapton-coils-2-pack-coilart
Starre Pure Beast Coil (5 Pack) - Freemax,$14.99 ,http://breazy.com/products/starre-pure-beast-coil-5-pack-freemax
Evolve Replacement Coil - Yocan,$5.99 ,http://breazy.com/products/evolve-replacement-coil-yocan
Protank Replacement Coils (5 Pack) - KangerTech,$6.49 ,http://breazy.com/products/protank-replacement-coils-5-pack-kangertech
ProC BFL Replacement Coils (5 Pack) - Joyetech,$6.99 ,http://breazy.com/products/proc-bfl-replacement-coils-5-pack-joyetech
Arctic BTDC II V2 Replacement Coils (5 Pack) - Horizon,$8.99 ,http://breazy.com/products/arctic-btdc-ii-v2-replacement-coils-5-pack-horizon
Mango Replacement Pods (2 Pack) - ALD Amaze,$11.99 ,http://breazy.com/products/mango-replacement-pods-2-pack-ald-amaze
LMC Verso SS Coil (3 Pack) - Limitless,$16.99 ,http://breazy.com/products/lmc-verso-ss-coil-3-pack-limitless
Magneto Replacement Coils - Yocan,$9.99 ,http://breazy.com/products/magneto-replacement-coils-yocan
Mak Dry Replacement Coils (10 Pack) – Yocan,$9.99 ,http://breazy.com/products/mak-dry-coils-10-pack-yocan
Cubis Clapton Coil (5 Pack) – Joyetech,$7.99 ,http://breazy.com/products/cubis-clapton-coil-5-pack-joyetech
Minos Q2 Coil (3 Pack) - Smok,$12.99 ,http://breazy.com/products/minos-q2-coil-3-pack-smok
Cinnamon (4 Packs) - Pixotine,$19.99 ,http://breazy.com/products/cinnamon-4-pack-pixotine
SUBXER OVC Clapton Replacement Coils (4 Pack) – Atom Vapes,$4.49 ,http://breazy.com/products/subxer-ovc-clapton-replacement-coil-atom-vapes
Jili Box Mini Charging Case - Uptown Tech,$14.99 ,http://breazy.com/products/jili-box-mini-charging-case-uptown-tech
eGo One Replacement Coils (5 Pack) - Joyetech,$9.99 ,http://breazy.com/products/ego-one-replacement-coils-5-pack-joyetech
Evolve D Replacement Coils - Yocan,$19.99 ,http://breazy.com/products/evolve-d-replacement-coils-yocan
Cleito 120 RTA Replacement Coil (1 Pack) - Aspire,$9.99 ,http://breazy.com/products/cleito-120-rta-replacement-coil-1-pack-aspire
USB Charger - eGo,$2.75 ,http://breazy.com/products/usb-charger-ego
LQD Replaceable Coil Atomizers (3 Pack) - Logic,$9.99 ,http://breazy.com/products/lqd-replaceable-atomizers-3-pack-logic
Arctic Clapton Replacement Coil (5 Pack) – Horizon Tech,$7.99 ,http://breazy.com/products/arctic-clapton-replacement-coil-5-pack-horizon-tech
IPV LXV4 Replacement Coils (5 Pack) - Pioneer4You,$17.49 ,http://breazy.com/products/ipv-lxv4-replacement-coils-5-pack-pioneer4you
UM10 Charger - Nitecore,$10.99 ,http://breazy.com/products/um10-charger-nitecore
Custom Painted TFV8 Cloud Beast Replacement Glass - Casino - VCG Hip Squad Customs,$15.95 ,http://breazy.com/products/custom-painted-tfv8-cloud-beast-replacement-glass-casino-vcg-hip-squad-customs
Nixon BF RDTA Cap - Gas Mods,$9.99 ,http://breazy.com/products/nixon-bf-rdta-cap-gas-mods
Jade Style Drip Tip Single,$1.00 ,http://breazy.com/products/jade-style-drip-tip-single
Kensei Replacement Tube - Vandy Vape,$7.99 ,http://breazy.com/products/kensei-replacement-tube-vandy-vape
Ultimo MG Ceramic Coil (5 Pack) - Joyetech,$11.99 ,http://breazy.com/products/ultimo-mg-ceramic-coil-5-pack-joyetech
FUUL Portable Juul Charger - FUUL Tech,$24.99 ,http://breazy.com/products/fuul-portable-juul-charger-fuul-tech
SC2 Bay Charger - Nitecore,$15.99 ,http://breazy.com/products/sc2-bay-charger-nitecore
Teflon Drip Tip Single,$2.35 ,http://breazy.com/products/teflon-drip-tip-single
Delta 2 LVC Coil (5 Pack) - Joyetech,$15.99 ,http://breazy.com/products/delta-2-lvc-coil-5-pack-joyetech
Eleaf Ohm & Voltage Meter - Eleaf,$11.99 ,http://breazy.com/products/eleaf-ohm-voltage-meter
Ego One replacement Coil (5 Pack) - Joyetech,$9.99 ,http://breazy.com/products/ego-one-replacement-coil-5-pack-joyetech
Juppi Replacement Coils (5 Pack) - Kangertech,$3.99 ,http://breazy.com/products/juppi-replacement-coils-5-pack-kangertech
TFV4 TF-R3 RBA Replacement Coil - Smok,$5.99 ,http://breazy.com/products/tfv4-tf-r3-rba-replacement-coil-smok
Fuchai V3 Replacement Cartridge - Sigelei,$6.99 ,http://breazy.com/products/fuchai-v3-replacement-cartridge-sigelei
T-Pod Replacement Pods (5 Pack) - Tesla,$14.49 ,http://breazy.com/products/t-pod-replacement-pods-5-pack-tesla
Tobacco (4 Packs) - Pixotine,$19.99 ,http://breazy.com/products/tobacco-4-pack-pixotine
Leef Pro Series 2 Replacement Pod - Green Smart Living,$7.50 ,http://breazy.com/products/leef-pro-series-2-pod-green-smart-living
Fireluke Mini Replacement Coils (3 Pack) - Freemax,$13.99 ,http://breazy.com/products/fireluke-mini-replacement-coils-3-pack-freemax
Lyche RBA - Eleaf,$6.49 ,http://breazy.com/products/lyche-rba-eleaf
Subtank Vertical Organic Cotton Coil (5 Pack) – KangerTech,$9.99 ,http://breazy.com/products/subtank-vertical-organic-cotton-coil-5-pack-kangertech
Cinnamon Carton - Pixotine,$59.99 ,http://breazy.com/products/cinnamon-carton-15-pack-pixotine
GS Air 2 Glass Tube Replacement - Eleaf,$2.49 ,http://breazy.com/products/gs-air-2-glass-tube-replacement-eleaf
Delta 2 RBA Deck Coil - Joyetech,$5.99 ,http://breazy.com/products/delta-2-rba-deck-coil-joyetech
TFV8 V8-RBA Coil - Smok,$7.49 ,http://breazy.com/products/tfv8-v8-rba-coil-smok
Tornado Replacement Coils - iJoy,$4.99 ,http://breazy.com/products/tornado-replacement-coils-ijoy
eGrip RBA Base - Joyetech,$3.99 ,http://breazy.com/products/egrip-rba-base-joyetech
Ego One CL Coils 5 Pack - Joyetech,$10.99 ,http://breazy.com/products/ego-one-cl-coils-5-pack-joyetech
iStick 100w Silicone Case - ELeaf,$4.50 ,http://breazy.com/products/istick-100w-silicone-case-eleaf
75w Silicone Case - Sigelei,$5.99 ,http://breazy.com/products/75w-silicone-case-sigelei
Accessory Case - SteamGear,$4.99 ,http://breazy.com/products/accessory-case-steamgear
Ultrasonic Cleaner - Coil Master,$32.49 ,http://breazy.com/products/ultrasonic-cleaner-coil-master
Jade Drip Tip Single,$4.50 ,http://breazy.com/products/jade-drip-tip-single
LUC Blu4 4 Bay Charger - Efest,$36.50 ,http://breazy.com/products/luc-blu4-4-bay-charger-efest
iStick 40W Silicone Case - ELeaf,$3.99 ,http://breazy.com/products/istick-40w-silicone-case-eleaf
Pro C1 Charger - Efest,$6.99 ,http://breazy.com/products/pro-c1-charger-efest
Vision Spinner Plus 1500mah Battery - Vapros,$24.99 ,http://breazy.com/products/vision-spinner-plus-1500mah-battery-vapros
TactF5ve Drip Tip - District F5ve,$19.99 ,http://breazy.com/products/tactf5ve-drip-tip-district-f5ve
Marquee Pod Adapter - Limitless Mod Co.,$14.99 ,http://breazy.com/products/marquee-pod-adapter-limitless-mod-co
The One Drip Tip - District F5ve,$22.99 ,http://breazy.com/products/the-one-drip-tip-district-f5ve
C-Flat Refillable Replacement Pod (4 Pack) - Vaptio,$12.00 ,http://breazy.com/products/c-flat-refillable-replacement-pod-4-pack-vaptio
Subtank OCC Square Coil (5 Pack) - KangerTech,$10.49 ,http://breazy.com/products/subtank-occ-square-coil-5-pack-kangertech
TFV8 Baby Strip Replacement Coils 0.15 Ohm (5 Pack) - Smok,$13.99 ,http://breazy.com/products/tfv8-baby-strip-replacement-coils-0-15-ohm-5-pack-smok
SSOCC SUS316 Replacement Coil (5 Pack) – Kanger Tech,$7.99 ,http://breazy.com/products/ssocc-sus316-replacement-0-2ohm-coil-5-pack-kanger-tech
TF RDTA S2 Deck – Smok,$7.49 ,http://breazy.com/products/tf-rdta-s2-deck-smok
BF Ni 0.2ohm DL Coil (5 Pack) - Joyetech,$9.49 ,http://breazy.com/products/bf-ni-0-2ohm-dl-coil-5-pack-joyetech
EXO Skeleton WT H2 Coil (5 Pack) - Wismec,$9.99 ,http://breazy.com/products/exo-skeleton-wt-h2-coil-wismec
Mini Vengeance Replacement Coils (5 Pack) – Council of Vapor,$9.99 ,http://breazy.com/products/mini-vengeance-replacement-coils-5-pack-council-of-vapor
Exceed Edge Tank Replacement Cartridge Pod - Joyetech,$3.99 ,http://breazy.com/products/exceed-edge-tank-replacement-cartridge-pod-joyetech
Winter Ice Carton (3 Packs) - Pixotine,$149.99 ,http://breazy.com/products/winter-ice-carton-3-pack-pixotine
Arctic SS Dual Replacement Coils (5 Pack) – Horizon,$4.99 ,http://breazy.com/products/arctic-ss-dual-replacement-coils-5-pack-horizon
TFV12 Baby Prince RBA Coil – Smok,$11.99 ,http://breazy.com/products/tfv12-baby-prince-rba-coil-smok
Pixotine Sample Pack (45 Packs) - Pixotine,$149.99 ,http://breazy.com/products/pixotine-sample-pack-45-pack-pixotine
iQ 3SECS Replacement Pods (2 Pack) - Hangsen,$5.99 ,http://breazy.com/products/iq-3secs-replacement-pods-2-pack-hangsen
Feather Replacement Pod - KandyPens,$10.00 ,http://breazy.com/products/feather-pods-by-kandypens-kandypens
Tobacco Carton - Pixotine,$59.99 ,http://breazy.com/products/tobacco-bundle-pixotine
Enigma Tank Replacement Coils (5 Pack) - MK Vapes,$2.49 ,http://breazy.com/products/enigma-tank-replacement-coils-5-pack-mk-vapes
X-Force Pod Cartridge – Smok,$9.99 ,http://breazy.com/products/x-force-pod-cartridge-smok
X-Force Replacement Coils (4pk) – Smok,$11.99 ,http://breazy.com/products/x-force-replacement-coils-4pk-smok
Tobacco Carton (3 Packs) - Pixotine,$149.99 ,http://breazy.com/products/tobacco-carton-3-pack-pixotine
Cinnamon Carton (3 Packs) - Pixotine,$149.99 ,http://breazy.com/products/cinnamon-carton-3-pack-pixotine
Pixotine Sample Pack (15 Packs) - Pixotine,$59.99 ,http://breazy.com/products/pixotine-sample-pack-15-pack-pixotine
Juul Wrap - Vape Central Group,$9.00 ,http://breazy.com/products/juul-wrap-vape-central-group
VQ Lite - Vaportronix,$10.99 ,http://breazy.com/products/vq-lite-vaportronix
Griffin 22 RTA Top Airflow Kit - Geek Vape,$4.99 ,http://breazy.com/products/griffin-22-rta-top-airflow-kit-geek-vape
Nautilus Mini BVC Coil (5 Pack) - Aspire,$7.49 ,http://breazy.com/products/nautilus-mini-bvc-coil-5-pack-aspire
Orion Pods (2 Pack) - Lost Vape,$7.49 ,http://breazy.com/products/orion-pods-2-pack-lost-vape
Baton V2 Replacement Pods (2 Pack) - Baton Vapor,$9.99 ,http://breazy.com/products/baton-v2-replacement-pods-2-pack-baton-vapor
IQ OVS Pods (2 Pack) - Hangsen,$5.99 ,http://breazy.com/products/iq-ovs-pods-2-pack-hangsen
TFV4 TF-R1 RBA Deck Coil - Smok,$8.99 ,http://breazy.com/products/tfv4-tf-r1-rba-deck-coil-smok
H8 Mini E4 Coil (5 Pack) - Tesla,$9.99 ,http://breazy.com/products/h8-mini-e4-coil-5-pack-tesla
Triton RTA System Coil - Aspire,$6.99 ,http://breazy.com/products/triton-rta-system-coil-aspire
