Title,Price,Product Url
Suorin Air Starter Kit - Suorin,$16.99 ,http://breazy.com/products/suorin-air-starter-kit-400mah-suorin
Crown V3 Sub Ohm Tank - Uwell,$22.99 ,http://breazy.com/products/crown-v3-sub-ohm-tank-uwell
Kaos Spectrum 230W Box Mod - Sigelei,$39.99 ,http://breazy.com/products/kaos-spectrum-230w-box-mod-sigelei
Priv V8 60W Starter Kit - Smok,$24.99 ,http://breazy.com/products/priv-v8-60w-starter-kit-smok
SMOK TFV8 Cloud Beast Sub Ohm Tank,$19.99 ,http://breazy.com/products/smok-tfv8-cloud-beast-sub-ohm-tank
G-Priv 2 Luxe Edition Starter Kit - Smok,$79.99 ,http://breazy.com/products/g-priv-2-luxe-edition-starter-kit-smok
VooPoo Drag 157W TC Box Mod - VooPoo,$44.99 ,http://breazy.com/products/drag-157w-tc-box-mod-voopoo
Vaporesso Revenger X 220W Starter Kit - Vaporesso,$49.99 ,http://breazy.com/products/vaporesso-revenger-x-220w-starter-kit-vaporesso
Predator 228 Box Mod - Wismec,$24.99 ,http://breazy.com/products/predator-228-box-mod-wismec
TFV8 X Baby Sub Ohm Tank - Smok,$12.99 ,http://breazy.com/products/tfv8-x-baby-sub-ohm-tank-smok
Pulse BF Squonk Box Mod - Vandy Vape,$21.99 ,http://breazy.com/products/pulse-bf-squonk-mod-vandy-vape
Wismec Reuleaux RX GEN3 300W TC Box Mod - Wismec,$41.99 ,http://breazy.com/products/wismec-reuleaux-rx-gen3-300w-tc-box-mod-wismec
Majesty 225W TC Box Mod - Smok,$29.99 ,http://breazy.com/products/majesty-225w-tc-box-mod-smok
T-Priv 220W Box Mod - Smok,$24.99 ,http://breazy.com/products/smok-t-priv-220w-mod
Pulse 24 BF RDA - Vandy Vape,$22.99 ,http://breazy.com/products/pulse-24-bf-rda-vandy-vape
Wotofo Nudge RDA 24mm - Wotofo,$18.99 ,http://breazy.com/products/wotofo-nudge-rda-24mm-wotofo
iJoy Capo Squonk 100W Starter Kit - iJoy,$29.99 ,http://breazy.com/products/ijoy-capo-squonk-100w-box-mod-ijoy
REV-Tech GTS 230W TC Box Mod - REV-Tech,$29.99 ,http://breazy.com/products/rev-tech-gts-230w-tc-box-mod-rev-tech
iJoy Genie PD270 234W Box Mod - iJoy,$34.99 ,http://breazy.com/products/genie-pd270-234w-mod-ijoy
Mini Super Tank - Tobeco,$14.99 ,http://breazy.com/products/mini-super-tank-tobeco
Geek Vape Aegis 100W Box Mod - Geek Vape,$29.99 ,http://breazy.com/products/geek-vape-aegis-100w-box-mod-geek-vape
S-Priv 225W TC Box Mod - Smok,$24.99 ,http://breazy.com/products/s-priv-225w-tc-box-mod-smok
Dotsquonk Box Mod - Dotmod,$77.99 ,http://breazy.com/products/dotsquonk-box-mod-dotmod
Reuleaux RX2 20700 TC Mod - Jaybo & Wismec,$34.99 ,http://breazy.com/products/reuleaux-rx2-20700-tc-mod-jaybo-wismec
Revenger 220W Starter Kit - Vaporesso,$49.99 ,http://breazy.com/products/revenger-220w-starter-kit-vaporesso
Majesty Kit Luxe Edition - Smok,$44.99 ,http://breazy.com/products/majesty-kit-luxe-edition-smok
Vandy Vape Mesh 24mm RDA - Vandy Vape,$24.99 ,http://breazy.com/products/mesh-24mm-rda-vandy-vape
Switcher 220W Kit With NRG Tank - Vaporesso,$59.99 ,http://breazy.com/products/switcher-220w-kit-with-nrg-tank-vaporesso
Wotofo Stentorian RAM Squonker Box Mod - Wotofo,$19.99 ,http://breazy.com/products/wotofo-stentorian-ram-squonker-box-mod-wotofo
Smok Procolor 225W TC Box Mod - Smok,$39.99 ,http://breazy.com/products/smok-procolor-225w-tc-box-mod-smok
Pulse 22 BF RDA - Vandy Vape,$24.99 ,http://breazy.com/products/pulse-22-bf-rda-vandy-vape
Dead Rabbit 24MM RDA – Hell Vape,$14.99 ,http://breazy.com/products/dead-rabbit-24mm-rda-hell-vape
Fuchai 213 Plus 213W TC Box Mod - Sigelei,$39.99 ,http://breazy.com/products/fuchai-213-plus-213w-tc-box-mod-sigelei
Aspire Cleito Sub Ohm Tank,$18.99 ,http://breazy.com/products/aspire-cleito-sub-ohm-tank
Iconic RDA - Vandy Vape,$12.99 ,http://breazy.com/products/icon-rda-vandy-vape
Vandy Vape Kensei RTA - Vandy Vape,$29.99 ,http://breazy.com/products/vandy-vape-kensei-rta-vandy-vape
Vandy Vape Bonza 24mm RDA - Vandy Vape,$24.99 ,http://breazy.com/products/vandy-vape-bonza-24mm-rda-vandy-vape
Cleito 120 Maxi 120W Sub-Ohm Tank - Aspire,$22.99 ,http://breazy.com/products/cleito-120-maxi-120w-sub-ohm-tank-aspire
Aegis Legend 200W TC Box Mod - Geek Vape,$54.99 ,http://breazy.com/products/aegis-legend-200w-tc-box-mod-geek-vape
GOON V1.5 RDA (Clamp Two Post) - 528 Customs,$39.49 ,http://breazy.com/products/goon-v1-5-rda-clamp-two-post-528-customs
Mesh Pro Sub Ohm Tank - Freemax,$23.99 ,http://breazy.com/products/mesh-pro-sub-ohm-tank-freemax
Super Tank 22mm – Tobeco,$6.99 ,http://breazy.com/products/super-tank-22mm-tobeco
G-Priv V2 230W Box Mod - Smok,$44.99 ,http://breazy.com/products/g-priv-v2-230w-box-mod-smok
Minikin 2 180W TC Box Mod - Asmodus,$59.99 ,http://breazy.com/products/minikin-2-180w-tc-box-mod-asmodus
Aspire Nautilus Coil 5 Pack,$10.49 ,http://breazy.com/products/aspire-nautilus-x-coil-5-pack
Sigelei SnowWolf VFENG 230W TC Box Mod - Sigelei,$49.99 ,http://breazy.com/products/sigelei-snowwolf-vfeng-230w-tc-box-mod-sigelei
Veneno 225W TC Box Mod - Smok,$24.99 ,http://breazy.com/products/veneno-225w-tc-box-mod-smok
Vandy Vape Pyro RDTA - Vandy Vape,$29.99 ,http://breazy.com/products/vandy-vape-pyro-rdta-vandy-vape
SMOK MAG 225W TC Box Mod (Right Handed) - SMOK,$29.99 ,http://breazy.com/products/copy-of-smok-mag-225w-tc-baox-mod-right-handed-smok
REV Sport 101W TC Box Mod - REV-Tech,$24.99 ,http://breazy.com/products/rev-sport-101w-tc-box-mod-rev-tech
SMOK TFV12 RBA Sub Ohm Tank - SMOK,$24.99 ,http://breazy.com/products/smok-tfv12-rba-sub-ohm-tank-smok
Sigelei Fuchai 213W TC Box Mod,$59.99 ,http://breazy.com/products/sigelei-fuchai-213w-tc-box-mod
Cleito EXO Sub Ohm Tank - Aspire,$14.99 ,http://breazy.com/products/cleito-exo-sub-ohm-tank-aspire
Royal Hunter Mini RDA - Council of Vapor,$14.99 ,http://breazy.com/products/royal-hunter-mini-rda-council-of-vapor
Smok TFV4 Mini Sub Ohm Tank Kit,$29.99 ,http://breazy.com/products/smok-tfv4-mini-sub-ohm-tank-kit
Sigelei T150 150W TC Touch Screen Box Mod,$49.99 ,http://breazy.com/products/sigelei-t150-150w-tc-touch-screen-box-mod
Gemini RTA Tank - Vaporesso,$14.99 ,http://breazy.com/products/gemini-rta-tank-vaporesso
Sigelei MT 220W Box Mod - Sigelei,$29.99 ,http://breazy.com/products/sigelei-mt-220w-box-mod-sigelei
Nunchaku Sub Ohm Tank - Uwell,$22.49 ,http://breazy.com/products/nunchaku-sub-ohm-tank-uwell
Geek Vape Zeus RTA - Geek Vape,$24.99 ,http://breazy.com/products/geek-vape-zeus-rta-geek-vape
Minikin V1.5 Boost 155W TC Box Mod - Asmodus,$49.99 ,http://breazy.com/products/minikin-v1-5-boost-155w-tc-box-mod-asmodus
Kylin RTA - Vandy Vape,$24.99 ,http://breazy.com/products/kylin-rta-vandy-vape
Majesty 225W Luxe Edition Box Mod - Smok,$29.99 ,http://breazy.com/products/majesty-225w-luxe-edition-box-mod-smok
Pharaoh 24mm RTA - Digiflavor,$19.99 ,http://breazy.com/products/pharaoh-24mm-rta-digiflavor
Eleaf ELLO TS Sub Ohm Tank - Eleaf,$9.99 ,http://breazy.com/products/eleaf-ello-ts-sub-ohm-tank-eleaf
TF-RTA G4 - Smok,$9.99 ,http://breazy.com/products/tf-rta-g4-smok
Moonshot Nano 22mm RTA - Sigelei,$9.99 ,http://breazy.com/products/moonshot-nano-22mm-rta-sigelei
Digiflavor Mesh Pro RDA - Digiflavor,$14.99 ,http://breazy.com/products/mesh-pro-rda-digiflavor
Colt Mini 80W Box Mod - Tesla,$24.99 ,http://breazy.com/products/colt-mini-80w-box-mod-tesla
Prism 250W Box Mod - Modefined,$49.99 ,http://breazy.com/products/prism-250w-box-mod-modefined
Kylin Mini Ultra Flavor RTA - Vandy Vape,$24.99 ,http://breazy.com/products/kylin-mini-ultra-flavor-rta-vandy-vape
Flow Sub Ohm Tank - Wotofo,$14.99 ,http://breazy.com/products/wotofo-flow-sub-ohm-tank-wotofo-i-vape-hardware-i-breazy-com
Phobia RDA - Vandy Vape,$17.99 ,http://breazy.com/products/phobia-rda-vandy-vape
Neutron RDA - Jaybo & Wismec,$4.99 ,http://breazy.com/products/neutron-rda-jaybo-wismec
Radar 24mm RDA - Geek Vape,$14.99 ,http://breazy.com/products/radar-24mm-rda-geek-vape
VooPoo Too 180W TC Starter Kit - VooPoo,$49.99 ,http://breazy.com/products/voopoo-too-180w-tc-starter-kit-voopoo
Mutank Sub Ohm RTA Tank Kit - Indulgence,$19.99 ,http://breazy.com/products/mutank-sub-ohm-rta-tank-kit-indulgence
GW 257W TC Box Mod - Sigelei,$39.99 ,http://breazy.com/products/gw-257w-tc-box-mod-sigelei
ProCore Aries Sub Ohm Tank - Joyetech,$7.49 ,http://breazy.com/products/procore-aries-sub-ohm-tank-joyetech
Ornate Sub Ohm Tank - Joyetech,$5.49 ,http://breazy.com/products/ornate-sub-ohm-tank-joyetech
Berserker MTL Mini RTA - Vandy Vape,$14.99 ,http://breazy.com/products/berserker-mtl-mini-rta-vandy-vape
Springer S RTA - Tigertek,$16.99 ,http://breazy.com/products/springer-s-rta-tigertek
Capo 100W Squonk Mod - iJoy,$29.99 ,http://breazy.com/products/capo-100w-squonk-mod-ijoy
Arctic V8 Sub Ohm Tank - HorizonTech,$23.49 ,http://breazy.com/products/arctic-v8-sub-ohm-tank
Handmade Triple Fused Clapton Coil Pack - Coilart,$3.49 ,http://breazy.com/products/handmade-triple-fused-clapton-coil-pack-coilart
Captain X3 Sub Ohm Tank - iJoy,$14.99 ,http://breazy.com/products/captain-x3-sub-ohm-tank-ijoy
Arctic Sub Ohm Tank Authentic - Horizon Tech,$14.99 ,http://breazy.com/products/arctic-sub-ohm-tank-authentic-subohm-tanks
Aura 24mm RDA - Digiflavor,$9.99 ,http://breazy.com/products/aura-24mm-rda-digiflavor
Mutank RDTA - Indulgence,$9.49 ,http://breazy.com/products/mutank-rdta-indulgence
Digiflavor Lynx 25mm RDA - Digiflavor,$9.99 ,http://breazy.com/products/digiflavor-lynx-25mm-rda-digiflavor
Cerakoat Sub Ohm Tank - Horizon,$4.99 ,http://breazy.com/products/cerakoat-sub-ohm-tank-horizon
Super Tank 25mm - Tobeco,$14.99 ,http://breazy.com/products/super-tank-25mm-tobeco
Govad RTA - Vandy Vape,$33.49 ,http://breazy.com/products/govad-rta-vandy-vape
Digiflavor Drop 24mm RDA - Digiflavor,$24.99 ,http://breazy.com/products/digiflavor-drop-24mm-rda-digiflavor
Captain PD270 234W TC Box Mod - iJoy,$29.99 ,http://breazy.com/products/captain-pd270-234w-tc-box-mod-ijoy
Fireluke Sub-Ohm Tank - Freemax,$19.99 ,http://breazy.com/products/freemax-fireluke-tank-freemax
EKEE 80W TC Box Mod - Joyetech,$19.99 ,http://breazy.com/products/ekee-80w-tc-box-mod-joyetech
Revenger TC 220W Box Mod - Vaporesso,$29.99 ,http://breazy.com/products/revenger-tc-220w-box-mod-vaporesso
NX 100W TC Box Mod - Aspire,$21.49 ,http://breazy.com/products/nx-100w-tc-box-mod-aspire
Falcon Resin Edition Sub Ohm Tank - Horizon,$23.99 ,http://breazy.com/products/falcon-resin-edition-sub-ohm-tank-horizon
TFV12 Prince Cobra Edition Sub Ohm Tank - Smok,$29.99 ,http://breazy.com/products/tfv12-prince-sub-ohm-tank-cobra-edition-smok
Vandy Vape Berserker MTL RTA - Vandy Vape,$19.99 ,http://breazy.com/products/vandy-vape-berserker-mtl-rta-vandy-vape
Morphe RDA - Tigertek,$19.49 ,http://breazy.com/products/morphe-rda-tigertek
Sirius 200W TC Box Mod - Modefined,$44.49 ,http://breazy.com/products/sirius-200w-tc-mod-modefined
Laisimo Spring 200W Box Mod - Laisimo,$28.49 ,http://breazy.com/products/laisimo-spring-200w-box-mod-laisimo
Cue Vapor Starter Kit Pod Mod System - Cue Vapor,$14.99 ,http://breazy.com/products/cue-vapor-starter-kit-pod-mod-system-cue-vapor
iJoy Avenger 25mm Sub Ohm Tank - iJoy,$22.49 ,http://breazy.com/products/ijoy-avenger-25mm-sub-ohm-tank-ijoy
Dotbox 200W TC Box Mod - Dotmod,$149.99 ,http://breazy.com/products/dotbox-200w-tc-box-mod-dotmod
Combo 25mm RDA Triangle - iJoy,$14.99 ,http://breazy.com/products/combo-25mm-rda-triangle-ijoy
Freemax Starre Pure Beast Sub Ohm Tank - Freemax,$9.99 ,http://breazy.com/products/freemax-starre-pure-beast-sub-ohm-tank
Quad-Flex Survival Kit - Aspire,$11.99 ,http://breazy.com/products/quad-flex-survival-kit-aspire
Fuchai MT-V 220W Box Mod - Sigelei,$29.99 ,http://breazy.com/products/fuchai-mtv-220w-box-mod-sigelei
Ghoul BF RDA - Blitz Enterprises,$19.99 ,http://breazy.com/products/ghoul-bf-rda-blitz-enterprises
Geek Vape Loop 24MM RDA - Geek Vape,$7.99 ,http://breazy.com/products/geek-vape-loop-24mm-rda-geek-vape
Herakles 3 Sub Ohm Tank - Sense,$9.99 ,http://breazy.com/products/herakles-3-sub-ohm-tank-sense
Fog City RTA - Gemz,$11.99 ,http://breazy.com/products/fog-city-rta-gemz
Minikin Reborn Box Mod - Asmodus,$67.99 ,http://breazy.com/products/minikin-reborn-box-mod-asmodus
Reux Mini Sub Ohm Tank - Wismec,$4.99 ,http://breazy.com/products/reux-mini-sub-ohm-tank-wismec
Wotofo ReCurve RDA - Wotofo,$34.99 ,http://breazy.com/products/wotofo-recurve-rda-wotofo
Dotbox Dual Mech Box Mod - Dotmod,$86.49 ,http://breazy.com/products/dotbox-dual-mech-box-mod-dotmod
We Out Here Doe RDA - Flawless,$39.99 ,http://breazy.com/products/we-out-here-doe-rda-flawless
Gemini cCell Sub Ohm Tank - Vaporesso,$14.99 ,http://breazy.com/products/gemini-ccell-sub-ohm-tank-vaporesso
Peerless 24mm RDA - Geek Vape,$7.99 ,http://breazy.com/products/peerless-24mm-rda-geek-vape
TFV4 Single Sub Ohm Tank - Smok,$14.99 ,http://breazy.com/products/tfv4-single-sub-ohm-tank-smok
Coilart Azeroth Squonk Box Mod - Coilart,$29.99 ,http://breazy.com/products/coilart-azeroth-squonk-box-mod-coilart
Suorin Air Kit & Brella Salts E Liquid Bundle - Suorin,$29.99 ,http://breazy.com/products/suorin-air-kit-brella-salts-e-liquid-bundle-suorin
Athos Sub Ohm Tank - Aspire,$14.99 ,http://breazy.com/products/athos-sub-ohm-tank-aspire
iStick Pico 25 85W Starter Kit - Eleaf,$53.99 ,http://breazy.com/products/istick-pico-25-85w-starter-kit-eleaf
Verso Sub Ohm Tank - Limitless Mod Co.,$14.99 ,http://breazy.com/products/verso-sub-ohm-tank-limitless-mod-co
Dotbox 75W TC Box Mod - Dotmod,$99.99 ,http://breazy.com/products/dotbox-75w-tc-box-mod-dotmod
Smoant RABOX 120W Mini Box Mod - Smoant,$21.99 ,http://breazy.com/products/smoant-rabox-120w-mini-box-mod-smoant
X-Drip Squonk Box Mod - Aleader,$19.99 ,http://breazy.com/products/x-drip-squonk-box-mod-aleader
Recoil Rebel 25mm RDA - Grimm Green x OhmBoyOc,$44.99 ,http://breazy.com/products/recoil-rebel-25mm-rda-grimm-green-x-ohmboyoc
Captain PD270 234W Box Mod - iJoy,$21.49 ,http://breazy.com/products/captain-pd270-234w-box-mod-ijoy
Thor 220W Box Mod - Thinkvape,$35.99 ,http://breazy.com/products/thor-220w-box-mod-thinkvape
Ranker 218W TC Box Mod - Smoant,$44.99 ,http://breazy.com/products/ranker-218w-tc-box-mod-smoant
Loch Ness 150 Watt Box Mod - Envii,$74.95 ,http://breazy.com/products/loch-ness-150-watt-box-mod-envii
Mesh 24 RTA - Vandy Vape,$25.95 ,http://breazy.com/products/mesh-24-rta-vandy-vape
Sigelei Fuchai V3 400Mah AIO Kit - Sigelei,$9.99 ,http://breazy.com/products/sigelei-fuchai-v3-400mah-aio-kit-sigelei
Aequitas 24mm RDA - Hell Vape,$19.99 ,http://breazy.com/products/aequitas-24mm-rda-hell-vape
ProCore Remix Sub Ohm Tank - Joyetech,$10.49 ,http://breazy.com/products/procore-remix-sub-ohm-tank-joyetech
Orma Sub Ohm Tank - Wismec,$9.99 ,http://breazy.com/products/orma-sub-ohm-tank-wismec
Cylon 218W TC Box Mod - Smoant,$74.99 ,http://breazy.com/products/cylon-218w-tc-box-mod-smoant
Tobhino BF 22MM RDA - Wismec,$18.49 ,http://breazy.com/products/tobhino-bf-22mm-rda-wismec
VGOD Pro Mechanical Mod - VGOD,$70.00 ,http://breazy.com/products/vgod-pro-mechanical-mod-vgod
Drop BF 24mm RDA - Geek Vape,$24.99 ,http://breazy.com/products/drop-bf-24mm-rda-geek-vape
GR1 22mm RDA - Gas Mods,$39.99 ,http://breazy.com/products/gr1-rda-gas-mods
Exceed 50W Box Mod - Joyetech,$19.99 ,http://breazy.com/products/exceed-50w-box-mod-joyetech
Dovpo VEE VV Box Mod - Dovpo,$34.99 ,http://breazy.com/products/dovpo-vee-vv-box-mod-dovpo
VGOD Elite RDTA - VGOD,$39.99 ,http://breazy.com/products/vgod-elite-rdta-vgod
ProCore X Sub Ohm Tank - Joyetech,$9.99 ,http://breazy.com/products/procore-x-sub-ohm-tank-joyetech
Reuleaux RX 80W Mini Box Mod - Wismec,$29.99 ,http://breazy.com/products/reuleaux-rx-mini-mod-wismec
VGOD Pro 150 150W TC Box Mod - VGOD,$69.99 ,http://breazy.com/products/vgod-pro-150-150w-tc-box-mod-vgod
Rabox Mechanical Box Mod - Smoant,$49.99 ,http://breazy.com/products/rabox-mechanical-box-mod-smoant
Terra RTA Cloud Chasing Tank - Envii,$29.95 ,http://breazy.com/products/terra-rta-cloud-chasing-tank-envii
SnowWolf Mini Plus 80W TC Box Mod - Sigelei,$49.99 ,http://breazy.com/products/snowwolf-mini-plus-80w-tc-box-mod-sigelei
Artisan RTA Flavor Tank - Envii,$39.97 ,http://breazy.com/products/artisan-rta-flavor-tank-envii
Limitless Sub Ohm Tank - iJoy,$6.49 ,http://breazy.com/products/limitless-sub-ohm-tank-ijoy
Athena Squonk BF RDA - Geek Vape,$14.99 ,http://breazy.com/products/athena-squonk-bf-rda-geek-vape
Killer 80W Squonk Box Mod - Aleader,$18.99 ,http://breazy.com/products/killer-80w-squonk-box-mod-aleader
Fuchai 213 Mod - Sigelei,$24.49 ,http://breazy.com/products/fuchai-213-mod-sigelei
Cubis 2 Sub Ohm Tank - Joyetech,$9.99 ,http://breazy.com/products/cubis-2-sub-ohm-tank-joyetech
Revolver 25mm RTA - Vandy Vape,$35.49 ,http://breazy.com/products/revolver-25mm-rta-vandy-vape
Cubis RBA Head - Joyetech,$3.99 ,http://breazy.com/products/cubris-rba-head-joyetech
Innokin iClear 30S Dual Coil Clearomizer,$4.99 ,http://breazy.com/products/innokin-iclear-30s-dual-coil-clearomizer
Doge V4 24mm RDA - Congrevape,$20.99 ,http://breazy.com/products/doge-v4-24mm-rda-congrevape
Maze Sub Ohm BF RDA - Vandy Vape,$18.49 ,http://breazy.com/products/maze-sub-ohm-bf-rda-vandy-vape
DPRO 24mm RDA - Coilart,$15.99 ,http://breazy.com/products/dpro-rda-coilart
IndeReserve RDTA Tank Kit - Jaybo & Wismec,$9.99 ,http://breazy.com/products/indereserve-rdta-tank-kit-jaybo-wismec
RDA Single Post Tank - Dotmod,$47.99 ,http://breazy.com/products/rda-single-post-tank-dotmod
ELLO T Sub Ohm Tank - Eleaf,$9.99 ,http://breazy.com/products/ello-t-sub-ohm-tank-eleaf
Aspen Slim Replacement Tank - Boulder International,$9.99 ,http://breazy.com/products/aspen-slim-replacement-tank-boulder-international
VT75 Color DNA75 Box Mod - HCigar,$59.99 ,http://breazy.com/products/vt75-color-dna75-mod-hcigar
Therion DNA 75 Box Mod - Lost Vape,$128.99 ,http://breazy.com/products/therion-dna-75-box-mod-lost-vape
Lit 24MM RDA - Vandy Vape,$24.99 ,http://breazy.com/products/lit-24mm-rda-vandy-vape
V200 220W Box Mod - Augvape,$53.49 ,http://breazy.com/products/v200-220w-box-mod-augvape
Hellvape x VaperSTUFF VP 24mm RDA - Hell Vape,$29.49 ,http://breazy.com/products/hellvape-x-vaperstuff-vp-24mm-rda-hell-vape
Quad-Flex Power Pack RDA - Aspire,$14.99 ,http://breazy.com/products/quad-flex-power-pack-rda-aspire
ELLO Sub Ohm Tank - Eleaf,$9.99 ,http://breazy.com/products/ello-sub-ohm-tank-eleaf
Pharaoh Dripper Tank - Digiflavor,$24.99 ,http://breazy.com/products/pharaoh-dripper-tank-digiflavor
Project Sub Ohm X-Mod 200W TC Box Mod - Desire,$66.99 ,http://breazy.com/products/project-sub-ohm-x-mod-200w-tc-box-mod-desire
Touch 100W TC Box Mod - SMY,$34.99 ,http://breazy.com/products/touch-100w-tc-box-mod-smy
Meteor 24MM RTA - Sigelei,$29.99 ,http://breazy.com/products/meteor-rta-sigelei
Sigelei Kaos Skycar 230W Mod - Sigelei,$49.99 ,http://breazy.com/products/sigelei-kaos-skycar-230w-mod-sigelei
GX350 350W Box Mod - Smok,$44.99 ,http://breazy.com/products/gx350-350w-box-mod-smok
Hextron Sub Ohm Tank - Limitless,$17.49 ,http://breazy.com/products/hextron-sub-ohm-tank-limitless
Capo 100W Box Mod - iJoy,$24.99 ,http://breazy.com/products/capo-100w-box-mod-ijoy
Motiv 2200mah Starter Kit - Wismec,$26.99 ,http://breazy.com/products/motiv-2200mah-starter-kit-wismec
Yeti RDA - Envii,$41.97 ,http://breazy.com/products/yeti-rda-envii
J150 Mod - Sigelei,$14.99 ,http://breazy.com/products/j150-mod-sigelei
Captain X3 324W Box Mod - iJoy,$39.99 ,http://breazy.com/products/captain-x3-box-mod-ijoy
Cascade Baby SE Sub Ohm Tank Atomizer - Vaporesso,$18.49 ,http://breazy.com/products/cascade-baby-se-sub-ohm-tank-atomizer-vaporesso
ELLO S Sub Ohm Tank - Eleaf,$9.99 ,http://breazy.com/products/ello-s-sub-ohm-tank-eleaf
Eleaf Invoke 220W Ello T TC Starter Kit - Eleaf,$39.99 ,http://breazy.com/products/eleaf-invoke-220w-ello-t-tc-starter-kit-eleaf
SMY 60W Mini TC Mod,$54.99 ,http://breazy.com/products/smy-60w-mini-tc-mod
IQOS Starter Kit - Philip Morris,$87.00 ,http://breazy.com/products/iqos-starter-kit-philip-morris
60W Mini TC CF Mod - SMY,$56.25 ,http://breazy.com/products/60w-mini-tc-cf-mod-smy
Uwell Fancier RTA/RDA Atomizer - Uwell,$59.99 ,http://breazy.com/products/uwell-fancier-rta-rda-atomizer-uwell
SMOK MAG 225W TC Box Mod (Left Handed) - SMOK,$29.99 ,http://breazy.com/products/smok-mag-225w-tc-box-mod-left-handed-smok
Augvape Templar 24MM RDA - Augvape,$39.99 ,http://breazy.com/products/augvape-templar-24mm-rda-augvape
Sigelei T4 Resin Tank - Sigelei,$34.99 ,http://breazy.com/products/sigelei-t4-resin-tank-sigelei
Snowwolf Vfeng BF 120W Dual Squonk Kit - Snowwolf,$79.99 ,http://breazy.com/products/snowwolf-vfeng-bf-120-dual-squonk-kit-snowwolf
Lustro 200W Box Mod - Asmodus,$89.99 ,http://breazy.com/products/lustro-200w-box-mod-asmodus
Sigelei Foresight 220W TC Kit - Sigelei,$74.99 ,http://breazy.com/products/sigelei-foresight-220w-tc-kit-sigelei
Paranormal DNA250C 200W Mod - Lost Vape,$139.99 ,http://breazy.com/products/paranormal-dna250c-200w-mod-lost-vape
Trigger 168W TC Box Mod - Dovpo,$79.99 ,http://breazy.com/products/trigger-168w-tc-box-mod-dovpo
Joyetech Exceed Air Sub Ohm Tank - Joyetech,$29.99 ,http://breazy.com/products/joyetech-exceed-air-sub-ohm-tank-joyetech
Smok Resa Baby Sub Ohm Tank - Smok,$29.99 ,http://breazy.com/products/smok-resa-baby-sub-ohm-tank-smok
Eleaf ELLO Duro Sub Ohm Tank - Eleaf,$34.99 ,http://breazy.com/products/eleaf-ello-duro-sub-ohm-tank-eleaf
Armour Pro 100W Box Mod – Vaporesso,$59.99 ,http://breazy.com/products/armour-pro-box-mod-vaporesso
Joyetech ProCore Air Plus Tank - Joyetech,$34.99 ,http://breazy.com/products/joyetech-procore-air-plus-tank-joyetech
Draco 200W Box Mod - Modefined,$59.99 ,http://breazy.com/products/draco-200w-box-mod-modefined
R150 150W TC Box Mod – HotCig,$59.99 ,http://breazy.com/products/r150-150w-tc-box-mod-hotcig
V2 Pro Series 3 E Liquid Cartridge - V2 Cigs,$6.99 ,http://breazy.com/products/v2-pro-series-3-e-liquid-cartridge-v2-cigs
LC1 Layercake RDA - District F5VE,$55.00 ,http://breazy.com/products/lc1-layercake-rda-district-f5ve
ARC 240W Box Mod - United Society Of Vape,$79.99 ,http://breazy.com/products/arc-240w-box-mod-united-society-of-vape
Lyche RBA Head - Eleaf,$9.99 ,http://breazy.com/products/lyche-rba-head-eleaf
Manta Sub Ohm Tank - Advken,$26.49 ,http://breazy.com/products/manta-sub-ohm-tank-advken
TFV8 Baby V2 Sub Ohm Tank - Smok,$26.99 ,http://breazy.com/products/tfv8-baby-v2-sub-ohm-tank-smok
G-Priv 2 Mod Luxe Edition - Smok,$70.99 ,http://breazy.com/products/g-priv-2-mod-luxe-edition-smok
Voluna V2 RTA - Asmodus,$33.99 ,http://breazy.com/products/voluna-v2-rta-asmodus
