Title,Price,Size,Product Url
Hawaiian Pog - Naked 100 E Liquid,$19.99 ,60ml,http://breazy.com/products/hawaiian-pog-e-liquid-naked-100
Lava Flow E Liquid - Naked 100 E Liquid,$19.99 ,60ml,http://breazy.com/products/lava-flow-e-liquid-naked-100
Crack Pie E Liquid,$19.99 ,60ml,http://breazy.com/products/crack-pie-e-liquid
Pancake Man E Liquid - Vape Breakfast Classics,$17.99 ,60ml,http://breazy.com/products/pancake-man-e-liquid-vape-breakfast-classics
Blue Slushie - Keep It 100 E Liquid,$17.99 ,100ml,http://breazy.com/products/blue-slushie-keep-it-100-e-liquid
Brain Freeze E Liquid - Naked 100 Menthol E Liquid,$19.99 ,60ml,http://breazy.com/products/brain-freeze-e-liquid-naked-100
Amazing Mango E Liquid - Naked 100 E Liquid,$19.99 ,60ml,http://breazy.com/products/amazing-mango-e-liquid-naked-100
Mothers Milk - Suicide Bunny,$19.99 ,30ml,http://breazy.com/products/mothers-milk-suicide-bunny
All Melon - Naked 100 E Liquid,$19.99 ,60ml,http://breazy.com/products/all-melon-naked-100
Unicorn Frappe - Juice Man E Liquid,$17.99 ,100ml,http://breazy.com/products/unicorn-frappe-juice-man-e-liquid
Blue Razz - Air Factory E Liquid,$19.99 ,100ml,http://breazy.com/products/blue-razz-air-factory-e-liquid
Lemon Tart - Dinner Lady E Liquid,$19.99 ,60ml,http://breazy.com/products/lemon-tart-dinner-lady-e-liquid
Very Berry E Liquid (Really Berry) - Naked 100 E Liquid,$19.99 ,60ml,http://breazy.com/products/very-berry-e-liquid-naked-100
Strawberry - Jam Monster E Liquid,$19.99 ,100ml,http://breazy.com/products/strawberry-jam-monster-e-liquid
French Dude - Vape Breakfast Classics,$17.99 ,60ml,http://breazy.com/products/french-dude-vape-breakfast-classics
Glazed Donuts - Loaded E Liquid,$19.99 ,120ml,http://breazy.com/products/glazed-donuts-loaded-e-liquid
Very Cool E Liquid - Naked 100 Menthol E Liquid,$19.99 ,60ml,http://breazy.com/products/very-cool-e-liquid-naked-100
Green Blast E Liquid - Naked 100 E Liquid,$19.99 ,60ml,http://breazy.com/products/green-blast-e-liquid-naked-100
Raging Donut E Liquid - Food Fighter E Liquid,$16.99 ,60ml,http://breazy.com/products/raging-donut
Frost Bite E Liquid (Polar Breeze) - Naked 100 Menthol E Liquid,$19.99 ,60ml,http://breazy.com/products/frost-bite-e-liquid-naked-100
Naked Unicorn - Naked 100 Cream E Liquid,$19.99 ,60ml,http://breazy.com/products/naked-unicorn-naked-100-cream-e-liquid
Cannoli Be One - Cassadaga E Liquid,$24.99 ,60ml,http://breazy.com/products/cannoli-be-one-cassadaga-e-liquid
Blueberry - Jam Monster E Liquid,$19.99 ,,http://breazy.com/products/blueberry-jam-monster-e-liquid
Pink Burst - Keep It 100 E Liquid,$17.99 ,100ml,http://breazy.com/products/pink-burst-keep-it-100-e-liquid
?Mystery? - Air Factory E Liquid,$19.99 ,100ml,http://breazy.com/products/mystery-air-factory-e-liquid
Donkey Kahn - Humble Juice Co,$19.99 ,120ml,http://breazy.com/products/donkey-kahn-humble-juice-co
Watermelon Punch - Juice Roll-Upz E Liquid,$14.99 ,30ml,http://breazy.com/products/watermelon-punch-juice-roll-upz-e-liquid
Shurb - Jimmy The Juice Man,$17.99 ,60ml,http://breazy.com/products/shurb-jimmy-the-juice-man
Churrios E Liquid - The Milkman E Liquid,$17.99 ,30ml,http://breazy.com/products/churrios-e-liquid-the-milkman
Maui Sun - Naked 100 E Liquid,$19.99 ,60ml,http://breazy.com/products/maui-sun-naked-100-e-liquid
Berry Belts - Naked 100 Candy E Liquid,$19.99 ,60ml,http://breazy.com/products/berry-belts-naked-100-candy-e-liquid
Blue Raspberry - Juice Roll-Upz E Liquid,$19.99 ,30ml,http://breazy.com/products/blue-raspberry-juice-roll-upz-e-liquid
LOOPER - ANML E Liquid,$16.99 ,60ml,http://breazy.com/products/looper-anml
Deluxe Pancake Man - Vape Breakfast Classics,$17.99 ,60ml,http://breazy.com/products/deluxe-pancake-man-vape-breakfast-classics
Pebz E Liquid - Pebz E Liquid,$20.99 ,60ml,http://breazy.com/products/pebz-e-liquid-drip-tribe-e-liquid
Breezy Shake - Milkshake E Liquids,$19.99 ,30ml,http://breazy.com/products/breezy-shake-milkshake-e-liquids
Strawberry Kiwi - Air Factory E Liquid,$19.99 ,100ml,http://breazy.com/products/strawberry-kiwi-air-factory-e-liquid
VCT - Ripe Vapes,$19.99 ,30ml,http://breazy.com/products/vct-ripe-vapes
Grape - Jam Monster E Liquid,$19.99 ,100ml,http://breazy.com/products/grape-jam-monster-e-liquid
Wild Berry - Vape Cooler,$9.99 ,,http://breazy.com/products/wild-berry-vape-cooler
Smash Mouth - Humble Juice Co,$19.99 ,120ml,http://breazy.com/products/smash-mouth-humble-juice-co
Blackberry - Jam Monster E Liquid,$19.99 ,100ml,http://breazy.com/products/blackberry-jam-monster-e-liquid
Reds Apple E Juice - Vape 7 Daze,$17.99 ,60ml,http://breazy.com/products/reds-apple-e-juice-vape-7-daze
Blue Raspberry Cotton Candy - Carnival Juice Roll-Upz E Liquid,$14.99 ,100ml,http://breazy.com/products/blue-raspberry-cotton-candy-carnival-juice-roll-upz-e-liquid
Dunks E Liquid - Midnight Vapes,$14.99 ,30ml,http://breazy.com/products/dunks-e-liquid-midnight-vapes
Krunchy Squares - Keep It 100 E Liquid,$18.99 ,100ml,http://breazy.com/products/krunchy-squares-keep-it-100-e-liquid
Creme De La Creme - Phillip Rocke Grand Reserve,$9.99 ,30ml,http://breazy.com/products/creme-de-la-creme-phillip-rocke-grand-reserve
Unicorn Cakes - Vape Breakfast Classics,$14.99 ,90ml,http://breazy.com/products/unicorn-cakes-vape-breakfast-classics
Strawberry - Juice Roll-Upz E Liquid,$14.99 ,30ml,http://breazy.com/products/strawberry-juice-roll-upz-e-liquid
Pound It E Liquid,$17.99 ,60ml,http://breazy.com/products/pound-it-e-liquid
Go Nanas - Naked 100 Cream E Liquid,$19.99 ,60ml,http://breazy.com/products/go-nanas-naked-100-cream-e-liquid
Cookie Butter - Loaded E Liquid,$19.99 ,120ml,http://breazy.com/products/cookie-butter-loaded-e-liquid
Hop Scotch - Humble Juice Co,$19.99 ,120ml,http://breazy.com/products/hop-scotch-humble-juice-co
The One - The One E Liquid,$19.99 ,100ml,http://breazy.com/products/the-one-the-one-e-liquid
Kiberry Killa - Keep It 100 E Liquid,$18.99 ,100ml,http://breazy.com/products/kiberry-killa-keep-it-100-e-liquid
Mallow Man - Keep It 100 E Liquid,$17.99 ,100ml,http://breazy.com/products/mallow-man-keep-it-100-e-liquid
American Cowboy (American Patriots) - Naked 100 Tobacco E Liquid,$19.99 ,60ml,http://breazy.com/products/american-cowboy-naked-100-tobacco-e-liquid
Unicorn Milk - Cuttwood,$14.99 ,60ml,http://breazy.com/products/unicorn-milk-cuttwood
Breezy Shake 100ml - Milkshake E Liquids,$24.99 ,100ml,http://breazy.com/products/breezy-shake-100ml-milkshake-e-liquids
Shamrock Shake E Juice - Milkshake E Liquids,$19.99 ,60ml,http://breazy.com/products/shamrock-shake-e-juice-milkshake-e-liquids
Tropical Fruit Punch - Vape Cooler,$4.99 ,60ml,http://breazy.com/products/tropical-fruit-punch-vape-cooler
Granny's Pie E Liquid - Vape Breakfast Classics,$11.99 ,120ml,http://breazy.com/products/grannys-pie-e-liquid-vape-breakfast-classics
Yummy Gum - Naked 100 Candy E Liquid,$19.99 ,60ml,http://breazy.com/products/yummy-gum-naked-100-candy-e-liquid
The Milkman E Liquid,$17.99 ,30ml,http://breazy.com/products/the-milkman-e-liquid
Reds Apple ICED E Juice - Vape 7 Daze,$17.99 ,60ml,http://breazy.com/products/reds-apple-iced-e-juice-vape-7-daze
Cannoli Be Mine E Liquid - Cassadaga,$24.99 ,30ml,http://breazy.com/products/cannoli-be-mine-e-liquid-cassadaga
Bam Bam's Cannoli E Liquid,$9.99 ,,http://breazy.com/products/bam-bams-cannoli-e-liquid
Fruit Punch - Vape Cooler,$6.99 ,60ml,http://breazy.com/products/fruit-punch-vape-cooler
Berry Lush - Naked 100 Cream E Liquid,$19.99 ,60ml,http://breazy.com/products/berry-lush-naked-100-cream-e-liquid
Cotton Candy - Zonk E Liquid,$17.99 ,100ml,http://breazy.com/products/cotton-candy-zonk-e-liquid
Smores - Loaded E Liquid,$19.99 ,120ml,http://breazy.com/products/smores-loaded-e-liquid
Don't Care Bear - Bad Drip,$17.99 ,30ml,http://breazy.com/products/dont-care-bear-bad-drip
Killer Kustard - Killer Kustard by Vapetasia E Liquid,$19.99 ,60ml,http://breazy.com/products/killer-kustard-killer-kustard-by-vapetasia-e-liquid
Unicorn Treats - Humble Juice Co,$19.99 ,120ml,http://breazy.com/products/unicorn-treats-humble-juice-co
Bluebird E-Liquid,$19.99 ,30ml,http://breazy.com/products/bluebird-bluebird-gourmet-e-juice
Green Apple - Skwezed E Liquid,$19.99 ,100ml,http://breazy.com/products/green-apple-skwezed-e-liquid
Strawberry Hard Candy - Solace Salts E Liquid,$12.99 ,15ml,http://breazy.com/products/strawberry-hard-candy-solace-salts-e-liquid
Pee Wee Kiwi - Humble Juice Co,$19.99 ,120ml,http://breazy.com/products/pee-wee-kiwi-humble-juice-co
Crumbleberry - The Milkman E Liquid,$9.99 ,30ml,http://breazy.com/products/crumbleberry-the-milkman-e-liquid
Boosted - Boosted E Juice,$15.99 ,30ml,http://breazy.com/products/boosted-boosted-e-juice
Mother's Milk and Cookies E Liquid - Suicide Bunny (Seasonal),$19.99 ,60ml,http://breazy.com/products/mothers-milk-and-cookies-e-liquid-suicide-bunny-seasonal
Sour Sweet - Naked 100 Candy E Liquid,$19.99 ,60ml,http://breazy.com/products/sour-sweets-naked-100-candy-e-liquid
Berry Lemonade - Carnival Juice Roll-Upz E Liquid,$14.99 ,100ml,http://breazy.com/products/berry-lemonade-carnival-juice-roll-upz-e-liquid
Drip House Pancakes E Liquid,$3.99 ,,http://breazy.com/products/drip-house-pancakes-e-liquid
Cannoli Be Nuts - Cassadaga E Liquid,$24.99 ,30ml,http://breazy.com/products/cannoli-be-nuts-cassadaga-e-liquid
Jazzy Boba - Jazzy Boba E Liquid,$19.99 ,30ml,http://breazy.com/products/jazzy-boba
Fuggin Donuts - Fuggin Vapor E Liquid,$19.99 ,120ml,http://breazy.com/products/fuggin-donuts-fuggin-vapor-e-liquid
Cherry Lime Cola - Juice Man E Liquid,$16.99 ,60ml,http://breazy.com/products/cherry-lime-cola-juice-man-e-liquid-1
Azul Berries - Naked 100 Cream E Liquid,$19.99 ,60ml,http://breazy.com/products/azul-berries-naked-100-cream-e-liquid
Strawberry Sour Straws - Bazooka Sour Straws E Liquid,$19.99 ,60ml,http://breazy.com/products/strawberry-sour-straws-bazooka-sour-straws-e-liquid
Euro Gold - Naked 100 Tobacco E Liquid,$19.99 ,60ml,http://breazy.com/products/euro-gold-naked-100-tobacco-e-liquid
Honey Cream - Phillip Rocke Grand Reserve,$19.99 ,60ml,http://breazy.com/products/honey-creme-phillip-rocke-grand-reserve
Sweater Puppets - Humble Juice Co,$19.99 ,120ml,http://breazy.com/products/sweater-puppets-humble-juice-co
Strawberry Lemonade Frost 100ml - Mr. Freeze E Liquid,$19.99 ,100ml,http://breazy.com/products/strawberry-lemonade-frost-100ml-mr-freeze-e-liquid
Berry Blow Doe - Humble Juice Co,$19.99 ,120ml,http://breazy.com/products/berry-blow-doe-humble-juice-co
Drippin' Waffles E Liquid,$3.99 ,,http://breazy.com/products/drippin-waffles-e-liquid
Strawberry Jam Donut - Loaded E Liquid,$19.99 ,120ml,http://breazy.com/products/strawberry-jam-donut-loaded-e-liquid
Blue Raspberry Sour Straws - Bazooka Sour Straws E Liquid,$14.99 ,60ml,http://breazy.com/products/blue-raspberry-sour-straws-bazooka-sour-straws-e-liquid
Strawberry Watermelon Frost 100ml - Mr. Freeze E Liquid,$19.99 ,100ml,http://breazy.com/products/strawberry-watermelon-frost-100ml-mr-freeze-e-liquid
Cookies and Cream - FRYD E Liquid,$19.99 ,30ml,http://breazy.com/products/cookies-and-cream-fryd-e-liquid
Grape Reds Apple Iced E Juice - Vape 7 Daze E Liquid,$17.99 ,60ml,http://breazy.com/products/grape-iced-reds-apple-juice-vape-7-daze-e-liquid
Dragonthol - Solace Salts E Liquid,$12.99 ,30mg,http://breazy.com/products/dragonthol-solace-salts-e-liquid
Manggo Boba E Liquid - Jazzy Boba,$4.99 ,,http://breazy.com/products/manggo-boba-e-liquid-jazzy-boba
Blackberry Crumble - Dinner Lady E Liquid,$19.99 ,60ml,http://breazy.com/products/blackberry-crumble-dinner-lady-e-liquid
Watermelon Reds Apple Ice - Vape 7 Daze E Liquid,$17.99 ,60ml,http://breazy.com/products/watermelon-reds-apple-ice-vape-7-daze-e-liquid
Redbird E-Liquid - Bluebird,$19.99 ,30ml,http://breazy.com/products/redbird-e-liquid-bluebird
Wild Apple - Air Factory E Liquid,$19.99 ,100ml,http://breazy.com/products/wild-apple-air-factory-e-liquid
Strawberry Crunch - Tailored House E Liquid,$17.99 ,60ml,http://breazy.com/products/strawberry-crunch-tailored-house-e-liquid
Gush E-Juice,$14.99 ,30ml,http://breazy.com/products/gush-e-juice
Peachy Rings - Candy King E Liquid,$18.99 ,100ml,http://breazy.com/products/peachy-rings-candy-king-e-liquid
Watermelon Strawberry - Zonk E Liquid,$17.99 ,100ml,http://breazy.com/products/watermelon-strawberry-zonk-e-liquid
Dewberry Cream - Kilo E Liquid,$9.99 ,15ml,http://breazy.com/products/dewberry-cream-kilo-e-liquid
Watermelon Frost 100ml - Mr. Freeze E Liquid,$19.99 ,100ml,http://breazy.com/products/watermelon-frost-100ml-mr-freeze-e-liquid
Milk & Honey - Cosmic Fog Vapors,$17.99 ,30ml,http://breazy.com/products/milk-honey-cosmic-fog-vapors
Cannoli Be Breakfast - Cassadaga E Liquid,$24.99 ,30ml,http://breazy.com/products/cannoli-be-breakfast-cassadaga-e-liquid
V.T.R. - Humble Juice Co,$19.99 ,120ml,http://breazy.com/products/v-t-r-humble-juice-co
Cereal Milk - Kilo E Liquid,$9.99 ,30ml,http://breazy.com/products/cereal-milk-kilo-e-liquid
Strudelhaus - The Milkman E Liquid,$17.99 ,30ml,http://breazy.com/products/strudelhaus-the-milkman-e-liquid
Custard Craze - Treat Factory E Liquid,$14.99 ,100ml,http://breazy.com/products/custard-craze-treat-factory-e-liquid
Captain Cannoli - Bam Bam's Cannoli E Liquid,$4.99 ,,http://breazy.com/products/captain-cannoli-bam-bams-cannoli-e-liquid
Strawberry Milk - Keep It 100 Milk E Liquid,$18.99 ,100ml,http://breazy.com/products/strawberry-milk-keep-it-100-milk-e-liquid
Apple - Jam Monster E Liquid,$19.99 ,100ml,http://breazy.com/products/apple-jam-monster-e-liquid
Pop Deez - Steep Vapors,$9.99 ,30ml,http://breazy.com/products/pop-deez-steep-vapors
Hawaiian Pog Ice - Naked 100 Ice E Liquid,$19.99 ,60ml,http://breazy.com/products/hawaiian-pog-on-ice-naked-100-on-ice-e-liquid
Watermelon Sour Straws - Bazooka Sour Straws E Liquid,$19.99 ,60ml,http://breazy.com/products/watermelon-sour-straws-bazooka-sour-straws-e-liquid
Suckerpunch - Suicide Bunny,$19.99 ,120ml,http://breazy.com/products/suckerpunch-suicide-bunny
Game Over - Flawless E Liquid,$9.99 ,60ml,http://breazy.com/products/game-over-flawless-e-liquid
Peachy Punch - Keep It 100 E Liquid,$18.99 ,100ml,http://breazy.com/products/peachy-punch-keep-it-100-e-liquid
Pure Ice 100ml - Mr. Freeze E Liquid,$19.99 ,,http://breazy.com/products/pure-ice-100ml-mr-freeze-e-liquid
120 Cereal Pop - 120 Cereal Pop E Liquid,$14.99 ,60ml,http://breazy.com/products/120-cereal-pop-120-cereal-pop-e-liquid
Kookie Krunch - Treat Factory E Liquid,$19.99 ,100ml,http://breazy.com/products/kookie-krunch-treat-factory-e-liquid
American Dream - Humble Juice Co,$19.99 ,120ml,http://breazy.com/products/american-dream-humble-juice-co
Bloobies - Doughboys Vaped Goods,$17.99 ,60ml,http://breazy.com/products/bloobies-doughboys-vaped-goods
Mango - Salt E Liquid,$19.99 ,30ml,http://breazy.com/products/mango-salt-e-liquid
Dewwy Boba,$19.99 ,30ml,http://breazy.com/products/dewwy-boba
FRZNCHEE - BLVK Unicorn E Liquid,$19.99 ,60ml,http://breazy.com/products/frznchee-blvk-unicorn-e-liquid
Belts - Candy King E Liquid,$18.99 ,100ml,http://breazy.com/products/belts-candy-king-e-liquid
FRYD Banana - FRYD E Liquid,$16.99 ,30ml,http://breazy.com/products/banana-fryd-e-liquid
Farley's Gnarley - Bad Drip,$17.99 ,30ml,http://breazy.com/products/bad-drip-farleys-gnarley
Humble Crumble - Humble Juice Co,$19.99 ,120ml,http://breazy.com/products/humble-crumble-humble-juice-co
Tooty Frooty Pancake Man - Vape Breakfast Classics,$11.99 ,120ml,http://breazy.com/products/tooty-frooty-pancake-man-vape-breakfast-classics
Swedish - Candy King E Liquid,$18.99 ,100ml,http://breazy.com/products/swedish-candy-king-e-liquid
Creme Brulee - Jimmy The Juice Man,$17.99 ,30ml,http://breazy.com/products/creme-brulee-jimmy-the-juice-man
Naked Peach Rings - Solace Salts E Liquid,$12.99 ,30mg,http://breazy.com/products/naked-peach-rings-solace-salts-e-liquid
Kiberry Yogurt - Kilo E Liquid,$17.99 ,15ml,http://breazy.com/products/kiberry-yogurt-kilo-e-liquid
Cuban Blend - Naked 100 Tobacco E Liquid,$19.99 ,60ml,http://breazy.com/products/cuban-blend-naked-100-tobacco-e-liquid
Cereal Trip - Bad Drip,$17.99 ,30ml,http://breazy.com/products/bad-drip-cereal-trip
Cream of the Crop - Enfuse Vapory,$15.99 ,60ml,http://breazy.com/products/cream-of-the-crop-enfuse-vapory
Lava Flow - NKD 100 Salt E Liquid,$16.99 ,30ml,http://breazy.com/products/lava-flow-nkd-100-salt-e-liquid
Deluxe French Dude - Vape Breakfast Classics,$17.99 ,120ml,http://breazy.com/products/deluxe-french-dude-vape-breakfast-classics
Blueberry Cereal Donut Milk - The One E Liquid,$19.99 ,100ml,http://breazy.com/products/blueberry-cereal-donut-milk-the-one-e-liquid
Green Apple Sour Straws - Bazooka Sour Straws E Liquid,$14.99 ,60ml,http://breazy.com/products/green-apple-sour-straws-bazooka-sour-straws-e-liquid
Burst - Unicorn E Liquid,$39.99 ,,http://breazy.com/products/burst-unicorn-e-liquid
The O.B. - Suicide Bunny,$19.99 ,30ml,http://breazy.com/products/the-o-b-suicide-bunny
Ugly Butter - Bad Drip,$9.99 ,30ml,http://breazy.com/products/bad-drip-ugly-butter
Blue Slushie Iced - Keep It 100 E Liquid,$18.99 ,100ml,http://breazy.com/products/blue-slushie-iced-keep-it-100-e-liquid
Lychee - Skwezed E Liquid,$19.99 ,100ml,http://breazy.com/products/lychee-skwezed-e-liquid
120 Cream Pop E Liquid,$14.99 ,60ml,http://breazy.com/products/120-cream-pop-e-liquid
Vanilla Bean - Nitro’s Cold Brew E Liquid,$20.99 ,100ml,http://breazy.com/products/vanilla-bean-nitro-s-cold-brew-e-liquid
Apple - Juice Roll-Upz E Liquid,$14.99 ,60ml,http://breazy.com/products/apple-juice-roll-upz-e-liquid
Pink Squares - Candy King E Liquid,$18.99 ,100ml,http://breazy.com/products/pink-squares-candy-king-e-liquid
Thai Boba E Liquid - Jazzy Boba,$13.99 ,,http://breazy.com/products/thai-boba-e-liquid
Blue Raspberry Lemonade - Lemonade Factory E Liquid,$14.99 ,100ml,http://breazy.com/products/blue-raspberry-lemonade-lemonade-factory-e-liquid
M.B.Y.C. - Sicboy,$14.99 ,,http://breazy.com/products/m-b-y-c-sicboy
We Ain't Done - Flawless E Liquid,$7.99 ,,http://breazy.com/products/we-aint-done-flawless-e-liquid
Bad Blood - Bad Drip,$17.99 ,30ml,http://breazy.com/products/bad-blood-bad-drip
Boss Reserve - Cuttwood,$11.99 ,30ml,http://breazy.com/products/boss-reserve-cuttwood
Pink Lemonade - Zonk E Liquid,$17.99 ,100ml,http://breazy.com/products/pink-lemonade-zonk-e-liquid
Strawberry Astronaut - Jimmy The Juice Man,$9.99 ,30ml,http://breazy.com/products/strawberry-astronaut-jimmy-the-juice-man
Key Lime Cookie - Ripe Vapes,$19.99 ,30ml,http://breazy.com/products/key-lime-cookie-ripe-vapes
Strawberry Lemonade 100ml - Mr. Freeze E Liquid,$19.99 ,100ml,http://breazy.com/products/strawberry-lemonade-100ml-mr-freeze-e-liquid
Straight Outta The Toaster - BFB E Liquid By Flawless,$19.99 ,240ml,http://breazy.com/products/straight-outta-the-toaster-bfb-e-liquid-by-flawless
The One Lemon - The One E Liquid,$19.99 ,100ml,http://breazy.com/products/the-one-lemon-the-one-e-liquid
Grape Roll Upz - Juice Roll-Upz E Liquid,$14.99 ,60ml,http://breazy.com/products/grape-roll-upz-juice-roll-upz-e-liquid
Watermelon Reds Apple - Vape 7 Daze E Liquid,$17.99 ,60ml,http://breazy.com/products/watermelon-reds-apple-vape-7-daze-e-liquid
The Milk - Breakfast At Teleos E Liquid,$19.99 ,60ml,http://breazy.com/products/the-milk-breakfast-at-teleos-e-liquid
Funfetti E Liquid - Aqua Liquids,$19.99 ,,http://breazy.com/products/funfetti-e-liquid-aqua-liquids
Lemon Drops - Candy King E Liquid,$18.99 ,100ml,http://breazy.com/products/lemon-drops-candy-king-e-liquid
Birthday Cake - Kilo Black Series E Liquid,$17.99 ,60ml,http://breazy.com/products/birthday-cake-kilo-black-series-e-liquid
Castle Long - Five Pawns Mixology,$9.99 ,30ml,http://breazy.com/products/castle-long-five-pawns-mixology
Pudding - The Milkman E Liquid,$12.99 ,30ml,http://breazy.com/products/pudding-the-milkman-e-liquid
Mixed Berry - Zonk E Liquid,$17.99 ,100ml,http://breazy.com/products/mixed-berry-zonk-e-liquid
Tallahassee - Cult Classic E Liquid,$9.99 ,60ml,http://breazy.com/products/tallahassee-cult-classic-liquids
Melon Milk - The Milkman Delights E Liquid,$17.99 ,60ml,http://breazy.com/products/melon-milk-the-milkman-delights-e-liquid
Grape Reds Apple E Juice - Vape 7 Daze E Liquid,$17.99 ,60ml,http://breazy.com/products/grape-reds-apple-juice-vape-7-daze-e-liquid
Cran Apple - Loaded E Liquid,$19.99 ,120ml,http://breazy.com/products/cran-apple-loaded-e-liquid
Brain Freeze - NKD 100 Salt E Liquid,$16.99 ,30ml,http://breazy.com/products/brain-freeze-nkd-100-salt-e-liquid
Charlie’s Custard - Charlie Noble E Liquid,$19.99 ,60ml,http://breazy.com/products/charlie-s-custard-charlie-noble-e-liquid
Panda Shake 100ml - Milkshake E Liquids,$24.99 ,100ml,http://breazy.com/products/panda-shake-100ml-milkshake-e-liquids
Strawberry Custard - Dinner Lady E Liquid,$19.99 ,60ml,http://breazy.com/products/strawberry-custard-dinner-lady-e-liquid
Shammy Shake 100ml - Milkshake E Liquids,$24.99 ,100ml,http://breazy.com/products/shammy-shake-100ml-milkshake-e-liquids
Bananza Shake - Milkshake E Liquids,$19.99 ,60ml,http://breazy.com/products/bananza-shake-milkshake-e-liquids
I Love Donuts Too E Liquid - Mad Hatter,$19.99 ,60ml,http://breazy.com/products/i-love-donuts-too-e-liquid-mad-hatter
Muffin Man - One Hit Wonder E Liquid,$17.99 ,180ml,http://breazy.com/products/muffin-man-one-hit-wonder-e-liquid
Berry Blow Doe Ice - Humble Juice Co.,$19.99 ,120ml,http://breazy.com/products/berry-blow-doe-ice-humble-juice-co
Sugar Bear - Cuttwood,$14.99 ,30ml,http://breazy.com/products/sugar-bear-cuttwood
Peach Frost 100ml - Mr. Freeze E Liquid,$19.99 ,100ml,http://breazy.com/products/peach-frost-100ml-mr-freeze-e-liquid
BCB Donut - Big Cheap Bottle E Liquid,$14.99 ,,http://breazy.com/products/bcb-donut-big-cheap-bottle-e-liquid
Strawberry Killer Kustard - Killer Kustard by Vapetasia E Liquid,$14.99 ,60ml,http://breazy.com/products/strawberry-killer-kustard-killer-kustard-by-vapetasia-e-liquid
Rice Pudding - Dinner Lady E Liquid,$19.99 ,60ml,http://breazy.com/products/rice-pudding-dinner-lady-e-liquid
Cush Man - Nasty Juice E Liquid,$14.99 ,60ml,http://breazy.com/products/cush-man-nasty-juice-e-liquid
Peachy Strawberry - Jimmy The Juice Man,$17.99 ,60ml,http://breazy.com/products/peachy-strawberry-jimmy-the-juice-man
Unidew - BLVK Unicorn E Liquid,$19.99 ,60ml,http://breazy.com/products/unidew-blvk-unicorn-e-liquid
Mango & Cream French Dude - Vape Breakfast Classics,$11.99 ,120ml,http://breazy.com/products/mango-cream-french-dude-vape-breakfast-classics
Cookies N Cream - Bam Bam's Cannoli E Liquid,$4.99 ,,http://breazy.com/products/cookies-n-cream-bam-bams-cannoli
BCB Gummies - Big Cheap Bottle E Liquid,$14.99 ,,http://breazy.com/products/bcb-gummies-big-cheap-bottle-e-liquid
AutumnMatic - Doughboys Vaped Goods,$14.99 ,60ml,http://breazy.com/products/pumpkin-spice-doughnut-doughboys-vaped-goods
Panda Shake - Milkshake E Liquids,$19.99 ,60ml,http://breazy.com/products/panda-shake-milkshake-e-liquids
Jaw Dropper - Treat Factory E Liquid,$19.99 ,100ml,http://breazy.com/products/jaw-dropper-treat-factory-e-liquid
Melon Colada - Ice Monster E Liquid (Jam Monster),$19.99 ,100ml,http://breazy.com/products/melon-colada-ice-monster-e-liquid
Really Berry - NKD 100 Salt E Liquid,$16.99 ,30ml,http://breazy.com/products/really-berry-nkd-100-salt-e-liquid
White Chocolate Mocha - Nitro’s Cold Brew E Liquid,$20.99 ,100ml,http://breazy.com/products/white-chocolate-mocha-nitro-s-cold-brew-e-liquid
Orange Cherry - Juice Roll-Upz E Liquid,$14.99 ,30ml,http://breazy.com/products/orange-cherry-juice-roll-upz-e-liquid
Mad Man - Juice Man E Liquid,$16.99 ,100ml,http://breazy.com/products/mad-man-juice-man-e-liquid
Mangerine Guava - Ice Monster E Liquid,$19.99 ,100ml,http://breazy.com/products/mangerine-guava-ice-monster-e-liquid
Peach - Skwezed E Liquid,$19.99 ,100ml,http://breazy.com/products/peach-skwezed-e-liquid
Little Dipper - The Milkman E Liquid,$17.99 ,30ml,http://breazy.com/products/little-dipper-the-milkman-e-liquid
Grapefruit - Skwezed E Liquid,$19.99 ,100ml,http://breazy.com/products/grapefruit-skwezed-e-liquid
Kryptonite - Cosmic Fog Vapors,$9.99 ,30ml,http://breazy.com/products/kryptonite-cosmic-fog-vapors
Poundcake - Glas,$19.99 ,75ml,http://breazy.com/products/poundcake-glas
MBYC Fried - Sicboy E Liquid,$21.99 ,,http://breazy.com/products/mbyc-fried-sicboy-e-liquid
No. 32 - Beard Vape Co,$17.99 ,30ml,http://breazy.com/products/no-32-beard-vape-co
Unichew - BLVK Unicorn E Liquid,$19.99 ,60ml,http://breazy.com/products/unichew-blvk-unicorn-e-liquid
White Chocolate Strawberry - Kilo White Series,$17.99 ,60ml,http://breazy.com/products/white-chocolate-strawberry-kilo-white-series
Blue Ade - Ade Juice,$14.99 ,60ml,http://breazy.com/products/blue-ade-ade-juice
Donkey Kahn Ice- Humble Juice Co.,$19.99 ,120ml,http://breazy.com/products/donkey-kahn-ice-humble-juice-co
Apple Pie - Dinner Lady E Liquid,$19.99 ,60ml,http://breazy.com/products/apple-pie-dinner-lady-e-liquid
The Man - One Hit Wonder E Liquid,$19.99 ,,http://breazy.com/products/the-man-one-hit-wonder-e-liquid
Glazed-n-Confused - Doughboys Vaped Goods,$17.99 ,60ml,http://breazy.com/products/glazed-n-confused-doughboys-vaped-goods
Reaver - ANML Unleashed E Liquid,$17.99 ,60ml,http://breazy.com/products/reaver-anml-unleashed-e-liquid
Bombsicle - Bombsicle E Liquid,$23.99 ,60ml,http://breazy.com/products/bombsicle-bombsicle-e-liquid
Pink Lemonade - Element E Liquid,$19.99 ,,http://breazy.com/products/pink-lemonade-element-e-liquid
Cannoli Be Reserve - Cassadaga E Liquid,$24.99 ,60ml,http://breazy.com/products/cannoli-be-reserve-cassadaga-e-liquid
Orange Mango - Zonk E Liquid,$17.99 ,100ml,http://breazy.com/products/orange-mango-zonk-e-liquid
Tropical Freeze - Frost Factory E Liquid,$14.99 ,100ml,http://breazy.com/products/tropical-freeze-frost-factory-e-liquid
Pistachio RY4 - Charlie Noble Admiral's Reserve,$19.99 ,30ml,http://breazy.com/products/pistachio-ry4-charlie-noble-admirals-reserve
Raspberry French - Jimmy The Juice Man,$17.99 ,30ml,http://breazy.com/products/raspberry-french-jimmy-the-juice-man
Satisfying - SVRF E Liquid,$24.99 ,60ml,http://breazy.com/products/satisfying-svrf-e-liquid
Uniloop - BLVK Unicorn E Liquid,$19.99 ,60ml,http://breazy.com/products/uniloop-blvk-unicorn-e-liquid
Fruit Whip - Kilo E Liquid,$9.99 ,15ml,http://breazy.com/products/fruit-whip-kilo-e-liquid
Creamy Tobacco - Solace Salts E Liquid,$12.99 ,30mg,http://breazy.com/products/creamy-tobacco-solace-salts-e-liquid
Unicorn - The Drip Company E Liquid Coffee Shop Edition,$14.99 ,120ml,http://breazy.com/products/unicorn-the-drip-company-e-liquid-coffee-shop-edition
Snacker Doodle - Tailored House E Liquid,$17.99 ,100ml,http://breazy.com/products/snacker-doodle-tailored-house-e-liquid
Buttabeer - ButtaBeer E Liquid,$14.99 ,,http://breazy.com/products/buttabeer-buttabeer-e-liquid
Rocketman - One Hit Wonder E Liquid,$29.99 ,180ml,http://breazy.com/products/rocketman-one-hit-wonder-e-liquid
Monkey Snack - Ripe Vapes,$19.99 ,30ml,http://breazy.com/products/monkey-snack-ripe-vapes
Apple Pie - Kilo Black Series E Liquid,$17.99 ,60ml,http://breazy.com/products/apple-pie-kilo-black-series-e-liquid
Buttermilk Pie - Primitive Vapor Co E Liquid,$24.99 ,60ml,http://breazy.com/products/buttermilk-pie-primitive-vapor-co-e-liquid
Grandmaster - Five Pawns,$7.99 ,30ml,http://breazy.com/products/grandmaster-five-pawns
Soul Custardy - Beantown Vapor,$17.99 ,,http://breazy.com/products/soul-custardy-beantown-vapor
Madrina - Suicide Bunny,$19.99 ,30ml,http://breazy.com/products/madrina-suicide-bunny
Frost Bite - NKD 100 Salt E Liquid,$16.99 ,30ml,http://breazy.com/products/frost-bite-nkd-100-salt-e-liquid
MYLK - Original - Brewell Vapory,$9.99 ,30ml,http://breazy.com/products/mylk-original-brewell-vapory
Wanderlust E Liquid - Suicide Bunny,$19.99 ,30ml,http://breazy.com/products/wanderlust-e-liquid-suicide-bunny
Berry Rush - Air Factory E Liquid,$19.99 ,100ml,http://breazy.com/products/berry-rush-air-factory-e-liquid
Deviant - Sicboy,$14.99 ,,http://breazy.com/products/deviant-sicboy
Blueberry Crumble - Dollar Vape Co. E Liquid,$9.99 ,,http://breazy.com/products/blueberry-crumble-dollar-vape-co-e-liquid
Mint - Salt E Liquid,$19.99 ,30ml,http://breazy.com/products/mint-salt-e-liquid
Shake Dat - Fuggin Vapor E Liquid,$19.99 ,120ml,http://breazy.com/products/shake-dat-ass-fuggin-vapor-e-liquid
Orange Cream - Dollar Vape Co. E Liquid,$9.99 ,,http://breazy.com/products/orange-cream-dollar-vape-co-e-liquid
Souly Cannoli - 80V E Liquid,$21.99 ,,http://breazy.com/products/souly-cannoli-80v-e-liquid
Sour Worms - Candy King On Ice E Liquid,$18.99 ,100ml,http://breazy.com/products/sour-worms-candy-king-on-ice-e-liquid
Hazel - The Milkman E Liquid,$17.99 ,60ml,http://breazy.com/products/hazel-the-milkman-e-liquid
Honey Crème - Kilo Black Series E Liquid,$9.99 ,60ml,http://breazy.com/products/honey-creme-kilo-black-series-e-liquid
Muffcake - Steam Factory,$14.99 ,,http://breazy.com/products/muffcake-steam-factory
Fury - ANML Vapors,$9.99 ,30ml,http://breazy.com/products/fury-anml-vapors
Bubble Milk - The Milkman Delights E Liquid,$19.99 ,60ml,http://breazy.com/products/bubble-milk-the-milkman-delights-e-liquid
FRZNBERRY - BLVK Unicorn E Liquid,$19.99 ,60ml,http://breazy.com/products/frznberry-blvk-unicorn-e-liquid
Blue Slushie Tropical - Keep It 100 E Liquid,$18.99 ,100ml,http://breazy.com/products/blue-slushie-tropical-keep-it-100-e-liquid
Macchiato - Nitro’s Cold Brew E Liquid,$20.99 ,100ml,http://breazy.com/products/macchiato-nitro-s-cold-brew-e-liquid
The Milk 2 - Teleos Remixed,$34.99 ,30ml,http://breazy.com/products/the-milk-2-teleos-remixed
Mr. Blintz E Liquid - Vape Breakfast Classics,$17.99 ,60ml,http://breazy.com/products/mr-blintz-e-liquid-vape-breakfast-classics
Blue Slushie Lemonade - Keep it 100 E Liquid,$18.99 ,100ml,http://breazy.com/products/blue-slushie-lemonade-keep-it-100-e-liquid
Pink Milk - Salty Man E Liquid,$17.99 ,100ml,http://breazy.com/products/pink-milk-salty-man-e-liquid
Bananza Shake 100ml - Milkshake E Liquids,$24.99 ,100ml,http://breazy.com/products/bananza-shake-100ml-milkshake-e-liquids
TNT Ice - Time Bomb Vapors,$19.99 ,30ml,http://breazy.com/products/tnt-ice-time-bomb-vapors
Marshmallow Crisp - Kilo White Series E Liquid,$17.99 ,60ml,http://breazy.com/products/marshmallow-crisp-kilo-white-series
BCB Strawberry - Big Cheap Bottle E Liquid,$14.99 ,,http://breazy.com/products/bcb-strawberry-big-cheap-bottle-e-liquid
Moonies - The Milkman E Liquid,$17.99 ,30ml,http://breazy.com/products/moonies-the-milkman-e-liquid
Strawberry Shortcake Ice Cream E Liquid - Phillip Rocke Signature Series,$11.99 ,32ml,http://breazy.com/products/strawberry-shortcake-ice-cream-e-liquid-phillip-rocke-signature-series
Fruity Cereal - Dollar Vape Co. E Liquid,$9.99 ,120ml,http://breazy.com/products/fruity-cereal-dollar-vape-co-e-liquid
Lemon Glaze - Treat Factory E Liquid,$19.99 ,100ml,http://breazy.com/products/lemon-glaze-treat-factory-e-liquid
Corn Bread Puddin' - Country Clouds E Liquid,$21.99 ,100ml,http://breazy.com/products/corn-bread-puddin-country-clouds-e-liquid
Delta (Salt E Liquid) - Alternativ E Liquid,$17.99 ,100ml,http://breazy.com/products/delta-alternativ-e-liquid
Lemon Bar - Loaded E Liquid,$19.99 ,120ml,http://breazy.com/products/lemon-bar-loaded-e-liquid
I Love Cookies Too E Liquid - Mad Hatter Juice,$19.99 ,60ml,http://breazy.com/products/i-love-cookies-too-e-liquid-mad-hatter-juice
Lemon Tart (Salt E Liquid) - Dinner Lady E Liquid,$19.99 ,30ml,http://breazy.com/products/lemon-tart-salt-nic-dinner-lady-e-liquid
Milk Tea - Skwezed E Liquid,$19.99 ,100ml,http://breazy.com/products/milk-tea-skwezed-e-liquid
Watermelon Candy - Dollar Vape Co. E Liquid,$9.99 ,,http://breazy.com/products/watermelon-candy-dollar-vape-co-e-liquid
Fried Cream Cakes - Liquid EFX E Liquid,$23.00 ,60ml,http://breazy.com/products/fried-cream-cakes-e-liquid
Strawberry Watermelon Frost - Mr. Freeze E Liquid,$14.99 ,,http://breazy.com/products/strawberry-watermelon-frost-mr-freeze-e-liquid
Ice Cream Sandwich - Kilo White Series E Liquid,$9.99 ,60ml,http://breazy.com/products/ice-cream-sandwich-kilo-white-series
NEON CREAM - Cosmic Fog Lost Fog Collection,$9.99 ,30ml,http://breazy.com/products/neon-creme-lost-fog
Coffee Milk - Kilo Moo Series E Liquid,$17.99 ,60ml,http://breazy.com/products/coffee-milk-kilo-moo-series-e-liquid
Orange Tart - Dinner Lady E Liquid,$19.99 ,,http://breazy.com/products/orange-tart-dinner-lady-e-liquid
The Angry Munchkins E Liquid - Food Fighter E Liquid,$17.99 ,60ml,http://breazy.com/products/the-angry-munchkins-e-liquid-food-fighter-e-liquid
Gambit - Five Pawns,$19.99 ,30ml,http://breazy.com/products/gambit-five-pawns
Gold - Black Gost E Liquid,$19.99 ,120ml,http://breazy.com/products/gold-black-gost-e-liquid
Butterscotch - Solace Salts E Liquid,$12.99 ,30mg,http://breazy.com/products/butterscotch-solace-salts-e-liquid
Black Flag Risen Enriched - Five Pawns E Liquid,$19.99 ,30ml,http://breazy.com/products/black-flag-risen-enriched-five-pawns-e-liquid
Omega - Alternativ E Liquid,$24.99 ,100ml,http://breazy.com/products/omega-alternativ-e-liquid
Tiger's Blood - Big F'IN Deal E Liquid,$24.99 ,120ml,http://breazy.com/products/tigers-blood-big-fin-deal-e-liquid
Glazed - Glas E Liquid,$19.99 ,30ml,http://breazy.com/products/glazed-glas-e-liquid
Snow Man on Ice - Juice Man E Liquid,$16.99 ,100ml,http://breazy.com/products/snow-man-on-ice-juice-man-e-liquid
Cran Apple On Ice - Loaded E Liquid,$19.99 ,120ml,http://breazy.com/products/cran-apple-on-ice-loaded-e-liquid
Hawaiian POG - NKD 100 Salt E Liquid,$16.99 ,30ml,http://breazy.com/products/hawaiian-pog-nkd-100-salt-e-liquid
Pbls - Glas,$19.99 ,75ml,http://breazy.com/products/pebbles-glas
Butter Cookie - Sad Boy E Liquid,$17.99 ,100ml,http://breazy.com/products/butter-cookie-sad-boy-e-liquid
Straw Melon Sour Belts - The Finest Sweet & Sour E Liquid,$19.99 ,100ml,http://breazy.com/products/straw-melon-sour-belts-the-finest-sweet-sour-e-liquid
FRYD Cream Cake - FRYD E Liquid,$19.99 ,60ml,http://breazy.com/products/fryd-cream-cake-fryd-e-liquid
No. 51 - Beard Vape Co,$17.99 ,30ml,http://breazy.com/products/no-51-beard-vape-co
Drip Fried Cream Cake - FRYD E Liquid,$24.99 ,120ml,http://breazy.com/products/drip-fried-cream-cake-fryd-e-liquid
Blue Raspberry Ice - Juice Roll-Upz Ice E Liquid,$14.99 ,30ml,http://breazy.com/products/blue-raspberry-ice-juice-roll-upz-e-liquid
Ice Cream - FRYD E Liquid,$19.99 ,60ml,http://breazy.com/products/ice-cream-fryd-e-liquid
FRZN Mango - BLVK Unicorn E Liquid,$14.99 ,60ml,http://breazy.com/products/frzn-mango-blvk-unicorn-e-liquid
Berry Burst - Big F'IN Deal E Liquid,$14.99 ,120ml,http://breazy.com/products/berry-burst-big-fin-deal-e-liquid
Dixon's Cider - Doughboys Vaped Goods,$19.99 ,60ml,http://breazy.com/products/apple-cider-doughnut-doughboys-vaped-goods
Banana Custard - Fruit N Custard E Liquid,$24.99 ,,http://breazy.com/products/banana-custard-fruit-n-custard-e-liquid
God Nectar - Bad Drip E Liquid,$17.99 ,60ml,http://breazy.com/products/god-nectar-bad-drip-e-liquid
Hurricane - Tropik 60 E Liquid,$9.99 ,,http://breazy.com/products/hurricane-tropik-e-liquid
OoohMyMango! - Liquid EFX E Liquid,$24.99 ,100ml,http://breazy.com/products/ooohmymango-liquid-efx-e-liquid
Corn Flake Tart - Dinner Lady E Liquid,$19.99 ,60ml,http://breazy.com/products/corn-flake-tart-dinner-lady-e-liquid
Crunch - Breakfast At Teleos E Liquid,$34.99 ,60ml,http://breazy.com/products/crunch-breakfast-at-teleos-e-liquid
Milky O’s E Liquid – The Milkman E Liquid,$17.99 ,30ml,http://breazy.com/products/milky-o-s-e-liquid-the-milkman
Watermelon - FRYD E Liquid,$19.99 ,30ml,http://breazy.com/products/watermelon-fryd-e-liquid
Too Puft E Liquid,$17.99 ,,http://breazy.com/products/too-puft-e-liquid
Vanilla Tobacco - Solace Salts E Liquid,$12.99 ,30mg,http://breazy.com/products/vanilla-tobacco-solace-salts-e-liquid
Beast - ANML Unleashed E Liquid,$14.99 ,60ml,http://breazy.com/products/beast-anml-unleashed-e-liquid
White Gummi - Moku E Liquid,$49.99 ,,http://breazy.com/products/white-gummi-moku-e-liquid
Bunny Season E Liquid - Suicide Bunny,$19.99 ,30ml,http://breazy.com/products/bunny-season-e-liquid-suicide-bunny
Blue Raspberry - Killa Fruits E Liquid,$17.99 ,100ml,http://breazy.com/products/blue-raspberry-killa-fruits-e-liquid
Bad Blood - Nasty Juice E Liquid,$14.99 ,60ml,http://breazy.com/products/bad-blood-nasty-juice-e-liquid
Apple Shake - Milkshake E Liquids,$19.99 ,60ml,http://breazy.com/products/apple-shake-milkshake-e-liquids
Thrasher - ANML Unleashed E Liquid,$16.99 ,60ml,http://breazy.com/products/thrasher-anml-unleashed-e-liquid
Lemon Dead - Bad Drip E Liquid,$16.99 ,60ml,http://breazy.com/products/lemon-dead-bad-drip-e-liquid
BCB Apple - Big Cheap Bottle E Liquid,$14.99 ,120ml,http://breazy.com/products/bcb-apple-big-cheap-bottle-e-liquid
Watermelon Strawberry - Killa Fruits E Liquid,$17.99 ,100ml,http://breazy.com/products/watermelon-strawberry-killa-fruits-e-liquid
Vanilla Almond Milk - Kilo Moo Series E Liquid,$17.99 ,60ml,http://breazy.com/products/vanilla-almond-milk-kilo-moo-series-e-liquid
Pink2 - The Milkman Delights E Liquid,$17.99 ,60ml,http://breazy.com/products/pink2-the-milkman-delights-e-liquid
Crazy Cookies - Dollar Vape Co. E Liquid,$9.99 ,120ml,http://breazy.com/products/crazy-cookies-dollar-vape-co-e-liquid
Dragonfly Ice - Humble Juice Co,$19.99 ,120ml,http://breazy.com/products/dragonfly-ice-humble-juice-co
Twisted Strawberry - Fruit King E Liquid,$11.99 ,,http://breazy.com/products/twisted-strawberry-fruit-king-e-liquid
Anti-Lag - Boosted E Juice,$17.99 ,30ml,http://breazy.com/products/anti-lag-boosted-e-juice
Zebra Stripe - Big F'IN Deal E Liquid,$24.99 ,120ml,http://breazy.com/products/zebra-stripe-big-fin-deal-e-liquid
Monster Melons - Cuttwood,$14.99 ,30ml,http://breazy.com/products/monster-melons-cuttwood
Cinnamon Roll - Kilo White Series E Liquid,$17.99 ,60ml,http://breazy.com/products/cinnamon-roll-kilo-white-series
Blue Raspberry - Juice Roll-Upz Salt E Liquid,$16.99 ,60ml,http://breazy.com/products/blue-raspberry-salt-nicotine-juice-roll-upz-salt-e-liquid
Pink - Gost Vapor,$14.99 ,120ml,http://breazy.com/products/pink-gost-vapor
Iced Chee - Frost Factory E Liquid,$14.99 ,100ml,http://breazy.com/products/iced-chee-frost-factory-e-liquid
Milk - Glas E Liquid,$17.99 ,75ml,http://breazy.com/products/milk-glas
V.T.R. Ice - Humble Juice Co.,$19.99 ,120ml,http://breazy.com/products/v-t-r-ice-humble-juice-co
Green Apple & Blue Raspberry E Liquid - Fun Drip E Liquid,$19.99 ,,http://breazy.com/products/green-apple-blue-raspberry-e-liquid-fun-drip-liquids
Enter The Dragon - Gemini Vapors,$9.99 ,60ml,http://breazy.com/products/enter-the-dragon-gemini-vapors
Pearamel - TearDrip E Liquid,$19.99 ,,http://breazy.com/products/pearamel-teardrip-e-liquid
Grape - Tartz E Liquid,$9.99 ,,http://breazy.com/products/grape-tartz-e-liquid
Melon Lush - Air Factory E Liquid,$19.99 ,100ml,http://breazy.com/products/melon-lush-air-factory-e-liquid
I Love Candy Blue Raspberry - Mad Hatter E Juice,$19.99 ,60ml,http://breazy.com/products/i-love-candy-blue-raspberry-mad-hatter-e-juice
TNT - Time Bomb Vapors,$19.99 ,30ml,http://breazy.com/products/tnt-time-bomb-vapors
Mr. Fritter - Cuttwood,$9.99 ,30ml,http://breazy.com/products/mr-fritter-cuttwood
Pineapple Peach - Bazooka Tropical Thunder Sour Straws E Liquid,$17.99 ,100ml,http://breazy.com/products/pineapple-peach-bazooka-sour-straws-e-liquid
Mini Muffin Man Strawberry - One Hit Wonder E Liquid,$19.99 ,,http://breazy.com/products/mini-muffin-man-strawberry-one-hit-wonder-e-liquid
Almond Cappuccino - Nitro’s Cold Brew E Liquid,$20.99 ,100ml,http://breazy.com/products/almond-cappuccino-nitro-s-cold-brew-e-liquid
Red Ade - Ade Juice,$14.99 ,60ml,http://breazy.com/products/red-ade-ade-juice
I Love Candy Rainbow - Mad Hatter E Juice,$19.99 ,60ml,http://breazy.com/products/i-love-candy-rainbow-mad-hatter-e-juice
Kacti Kooler - Salty Man E Liquid,$17.99 ,100ml,http://breazy.com/products/kacti-kooler-salty-man-e-liquid
French Toast Crunch - Drip the Hype E Liquid,$19.99 ,,http://breazy.com/products/french-toast-crunch-drip-the-hype-e-liquid
No. 24 - Beard Vape Co,$17.99 ,30ml,http://breazy.com/products/no-24-beard-vape-co
Pony on Acid - Smax E Liquid,$21.99 ,30ml,http://breazy.com/products/pony-on-acid-smax-e-liquid
Tripoli - Charlie Noble E Liquid,$19.99 ,60ml,http://breazy.com/products/tripoli-charlie-noble-e-liquid
Cereal Killa - 9 South Vapes,$19.99 ,,http://breazy.com/products/cereal-killa-9-south-vapes
Circus Cookie E Liquid,$14.99 ,60ml,http://breazy.com/products/circus-cookie-e-liquid
Watermelon Punch Ice - Juice Roll-Upz Ice E Liquid,$14.99 ,30ml,http://breazy.com/products/watermelon-punch-ice-juice-roll-upz-e-liquid
No. 71 - Beard Vape Co,$14.99 ,30ml,http://breazy.com/products/no-71-beard-vape-co
Strawberry Guava Jackfruit - Pachamama E Liquid,$19.99 ,30ml,http://breazy.com/products/strawberry-guava-jackfruit-pachamama-e-liquid
Berries Reds Apple Iced E Juice - Vape 7 Daze,$17.99 ,60ml,http://breazy.com/products/berries-reds-apple-iced-e-juice-vape-7-daze
Oh-Ana Ice - Humble Juice Co,$19.99 ,120ml,http://breazy.com/products/oh-ana-ice-humble-juice-co
Yellowbird E Liquid - Bluebird E Liquid,$19.99 ,60ml,http://breazy.com/products/yellowbird-e-liquid
Pineapple - Simply Fruit E Liquid,$14.99 ,,http://breazy.com/products/pineapple-simply-fruit-e-liquid
Refreshing - SVRF E Liquid,$19.99 ,60ml,http://breazy.com/products/refreshing-svrf-e-liquid
Purple Ade - Ade Juice,$14.99 ,60ml,http://breazy.com/products/purple-ade-ade-juice
BAIE CREME - Cosmic Fog Lost Fog Collection,$14.99 ,30ml,http://breazy.com/products/baie-creme-lost-fog
Very Peachy - Fruit King E Liquid,$11.99 ,,http://breazy.com/products/very-peachy-fruit-king-e-liquid
Use Your Coconut - Doughboys Vaped Goods,$19.99 ,60ml,http://breazy.com/products/use-your-coconut-doughboys-vaped-goods
Strawberry - Tartz E Liquid,$11.99 ,100ml,http://breazy.com/products/strawberry-tartz-e-liquid
Milk & Cookies - Kilo Black Series E Liquid,$17.99 ,60ml,http://breazy.com/products/milk-cookies-kilo-black-series-e-liquid
Chewy - Teleos Remixed,$34.99 ,30ml,http://breazy.com/products/chewy-teleos-remixed
Pineapple Whip - Carnival Juice Roll-Upz E Liquid,$17.99 ,100ml,http://breazy.com/products/pineapple-whip-carnival-juice-roll-upz-e-liquid
Mad Peach Snap E Liquid - Snap Liquids,$14.99 ,100ml,http://breazy.com/products/mad-peach-snap-e-liquid-snap-liquids
Director's Cut - Cult Classic Liquids,$9.99 ,60ml,http://breazy.com/products/directors-cut-cult-classic-liquids
Spiced Doughnut- Glas (Seasonal),$19.99 ,,http://breazy.com/products/spiced-donut-glas-seasonal
Blue - Gost Vapor,$14.99 ,120ml,http://breazy.com/products/blue-gost-vapor
Twisted - Pretzel Boyz E Liquid,$19.99 ,,http://breazy.com/products/twisted-pretzel-boyz-e-liquid
B Vanilla Granola and Honey Comb - Stumps E Liquid,$19.99 ,100ml,http://breazy.com/products/b-vanilla-granola-and-honey-comb-stumps-e-liquid
Pink Punch Lemonade - Lemon Twist E Liquid,$21.99 ,60ml(x2),http://breazy.com/products/pink-punch-lemonade-lemon-twist-e-liquid
Cookie Butter - Vape Pink E Liquid,$19.99 ,60ml,http://breazy.com/products/cookie-butter-vape-pink-e-liquid
Slammin' Snow Cone E Liquid,$14.99 ,60ml,http://breazy.com/products/slammin-snow-cone-e-liquid
Pee Wee Kiwi Ice - Humble Juice Co.,$19.99 ,120ml,http://breazy.com/products/pee-wee-kiwi-ice-humble-juice-co
Lucky 13 - Cafe Racer E Liquid,$14.99 ,,http://breazy.com/products/lucky-13-cafe-racer-e-liquid
Apple Juice - Dollar Vape Co. E Liquid,$9.99 ,120ml,http://breazy.com/products/apple-juice-dollar-vape-co-e-liquid
DVNK - Cookie King E Liquid,$17.99 ,100ml,http://breazy.com/products/dvnk-cookie-king-e-liquid
Bomberry Shake - Milkshake E Liquids,$24.99 ,100ml,http://breazy.com/products/bomberry-shake-100ml-milkshake-e-liquids
Queen Cake E Liquid - Suicide Bunny,$19.99 ,30ml,http://breazy.com/products/queen-cake-e-liquid-suicide-bunny
FRZNAPPLE - BLVK Unicorn E Liquid,$19.99 ,60ml,http://breazy.com/products/frznapple-blvk-unicorn-e-liquid
Red - Black Gost E Liquid,$19.99 ,120ml,http://breazy.com/products/red-black-gost-e-liquid
Pound Cake - Teleos Remixed,$34.99 ,30ml,http://breazy.com/products/pound-cake-teleos-remixed
BombsiCOOL - Bombsicle E Liquid,$23.99 ,60ml,http://breazy.com/products/bombsicool-bombsicle-e-liquid
Strawberry - Simply Fruit E Liquid,$14.99 ,,http://breazy.com/products/strawberry-simply-fruit-e-liquid
Banggo Shake 100ml - Milkshake E Liquids,$24.99 ,100ml,http://breazy.com/products/banggo-shake-100ml-milkshake-e-liquids
Balanced - SVRF E Liquid,$19.99 ,60ml,http://breazy.com/products/balanced-svrf-e-liquid
Melon Taffy Tail - Fuggin Vapor E Liquid,$11.99 ,120ml,http://breazy.com/products/melon-taffy-tail-fuggin-vapor-e-liquid
Batch - Candy King On Ice E Liquid,$18.99 ,100ml,http://breazy.com/products/batch-candy-king-on-ice-e-liquid
Tobacco - Salt E Liquid,$19.99 ,30ml,http://breazy.com/products/tobacoo-salt-e-liquid
Summer Vibes - Ripe Vapes,$19.99 ,60ml,http://breazy.com/products/summer-vibes-ripe-vapes
BCB Raspberry - Big Cheap Bottle E Liquid,$14.99 ,,http://breazy.com/products/bcb-raspberry-big-cheap-bottle-e-liquid
Pistachio - Skwezed E Liquid,$19.99 ,100ml,http://breazy.com/products/pistachio-skwezed-e-liquid
Mango Pitaya Pineapple - Pachamama E Liquid,$19.99 ,30ml,http://breazy.com/products/mango-pitaya-pineapple-pachamama-e-liquid
Bubble Melon - Melon Drops E Liquid,$14.99 ,,http://breazy.com/products/bubble-melon-melon-drops-e-liquid
Mr. Cookie - G2 Vapor,$24.99 ,45ml,http://breazy.com/products/mr-cookie-g2-vapor
Slow Blow - Nasty Juice E Liquid,$14.99 ,60ml,http://breazy.com/products/slow-blow-nasty-juice-e-liquid
BlueDoe - Dripboy,$19.99 ,,http://breazy.com/products/bluedoe-dripboy
BCB Banana - Big Cheap Bottle E Liquid,$14.99 ,120ml,http://breazy.com/products/bcb-banana-big-cheap-bottle-e-liquid
SONRISE - Cosmic Fog Vapors,$14.99 ,30ml,http://breazy.com/products/sonrise-cosmic-fog-vapors
Orgasm - Vapegoons E Liquid,$11.99 ,,http://breazy.com/products/orgasm-vapegoons-e-liquid
The Soda - Phillip Rocke E Liquid,$9.99 ,,http://breazy.com/products/the-soda-phillip-rocke-e-liquid
Strawberry Watermelon Hard Candy - Candy Pop E Liquid,$19.99 ,100ml,http://breazy.com/products/strawberry-watermelon-hard-candy-candy-pop-e-liquid
V'Nilla Strawberry Milk - V'Nilla E Liquid,$9.99 ,60ml,http://breazy.com/products/vnilla-strawberry-milk-vnilla-e-liquid
Strawberry (Salt E Liquid) - Juice Roll-Upz Salt E Liquid,$19.99 ,60ml,http://breazy.com/products/strawberry-salt-nicotine-juice-roll-upz-salt-e-liquid
MYLK - Strawberry - Brewell Vapory,$9.99 ,,http://breazy.com/products/mylk-strawberry-brewell-vapory
Royalty II - Vapetasia E Liquid,$17.99 ,60ml,http://breazy.com/products/royalty-ii-vapetasia-e-liquid-1
Pineapple Express - Vapetasia E Liquid,$17.99 ,60ml,http://breazy.com/products/pineapple-express-vapetasia-e-liquid-1
Aero - ANML Unleashed E Liquid,$16.99 ,60ml,http://breazy.com/products/aero-anml-unleashed-e-liquid
Kiwi Strawberry - Killa Fruits E Liquid,$17.99 ,100ml,http://breazy.com/products/kiwi-strawberry-killa-fruits-e-liquid
Honey Mellow - 80V E Liquid,$21.99 ,60ml,http://breazy.com/products/honey-mellow-80v-e-liquid
Apple - Salt E Liquid,$19.99 ,30ml,http://breazy.com/products/apple-salt-e-liquid
Grape Blast - Fruit King E Liquid,$11.99 ,,http://breazy.com/products/grape-blast-fruit-king-e-liquid
Peach Papaya Coconut Cream - Pachamama E Liquid,$19.99 ,30ml,http://breazy.com/products/peach-papaya-coconut-cream-pachamama-e-liquid
Symmetry Six - Five Pawns,$7.99 ,30ml,http://breazy.com/products/symmetry-six-five-pawns
Wastegate - Boosted E Juice,$14.99 ,30ml,http://breazy.com/products/wastegate-boosted-e-juice
Blue Berries Lemon Swirl - The Finest Sweet & Sour E Liquid,$19.99 ,100ml,http://breazy.com/products/blue-berries-lemon-swirl-the-finest-sweet-sour-e-liquid
Tru Blue - Kilo E Liquid,$9.99 ,15ml,http://breazy.com/products/tru-blue-kilo-e-liquids
Police Man - One Hit Wonder E Liquid,$29.99 ,180ml,http://breazy.com/products/police-man-one-hit-wonder-e-liquid
Creamy Orange - Dreamsicle E Liquid,$14.99 ,,http://breazy.com/products/creamy-orange-dreamsicle-e-liquid
American Patriots - NKD 100 Salt E Liquid,$16.99 ,30ml,http://breazy.com/products/american-patriots-nkd-100-salt-e-liquid
Strawberry Cream - Mr Macaron E Liquid,$9.99 ,60ml,http://breazy.com/products/strawberry-cream-mr-macaron-e-liquid
Brew Frappe - Juice Roll-Upz E Liquid,$17.99 ,,http://breazy.com/products/brew-frappe-juice-roll-upz-e-liquid
Milk of the Poppy - Vapetasia E Liquid,$17.99 ,60ml,http://breazy.com/products/milk-of-the-poppy-vapetasia-e-liquid
Milkhead - Gost Vapor,$19.99 ,60ml,http://breazy.com/products/milkhead-gost-vapor
Peanut Butter Granola - Yogi E Liquid,$17.99 ,60ml,http://breazy.com/products/peanut-butter-granola-yogi-e-liquid
Glazed Strawberry - The Pancake House E Liquid,$14.99 ,100ml,http://breazy.com/products/glazed-strawberry-the-pancake-house-e-liquid
Golden Maple - The Pancake House E Liquid,$14.99 ,100ml,http://breazy.com/products/golden-maple-the-pancake-house-e-liquid
MAX VG Space Rockz - Lost Art Liquids,$9.99 ,60ml,http://breazy.com/products/max-vg-space-rockz-lost-art-liquids
Vanilla Caramel Swirl - Bites E Liquid,$17.99 ,30ml,http://breazy.com/products/vanilla-caramel-swirl-bites-e-liquid
Rolly E-Juice,$14.99 ,30ml,http://breazy.com/products/rolly-e-juice
GloryHole - Hit That Juice,$9.99 ,60ml,http://breazy.com/products/gloryhole-hit-that-juice
Sonset - Cosmic Fog Vapors,$14.99 ,30ml,http://breazy.com/products/sonset-cosmic-fog-vapors
Magic Man - One Hit Wonder E Liquid,$21.99 ,180ml,http://breazy.com/products/magic-man-one-hit-wonder-e-liquid
I Love Popcorn E Liquid - Mad Hatter,$21.99 ,60ml,http://breazy.com/products/i-love-popcorn-e-liquid-mad-hatter
Mango Tango - Bazooka Tropical Thunder Sour Straws E Liquid,$17.99 ,100ml,http://breazy.com/products/mango-tango-bazooka-sour-straws-e-liquid
Rainbow Tropical Thunder - Bazooka Sour Straws E Liquid,$17.99 ,100ml,http://breazy.com/products/rainbow-tropical-thunder-bazooka-sour-straws-e-liquid
Uninuts - BLVK Unicorn E Liquid,$19.99 ,60ml,http://breazy.com/products/uninuts-blvk-unicorn-e-liquid
I Love Donuts E Liquid- Mad Hatter,$15.99 ,30ml,http://breazy.com/products/i-love-donuts-e-liquid-mad-hatter
Island Ice Cannon - Rockt Punch E Liquid,$14.99 ,120ml,http://breazy.com/products/island-ice-cannon-rockt-punch-e-liquid
Nilla Almond - Keep it 100 Milk E Liquid,$18.99 ,100ml,http://breazy.com/products/nilla-almond-keep-it-100-milk-e-liquid
Strawberry Candy (Salt E Liquid) - I Love Salts E Liquid,$17.99 ,30ml,http://breazy.com/products/strawberry-candy-salt-nicotine-i-love-salts-e-liquid
Apple Pie Crisp - Granny's Pie E Liquid,$14.99 ,120ml,http://breazy.com/products/apple-pie-crisp-grannys-pie-e-liquid
Sweets - Nic Salt Gost Vapor,$6.65 ,30ml,http://breazy.com/products/sweets-nic-salt-gost-vapor
Uniapple - BLVK Unicorn E Liquid,$19.99 ,60ml,http://breazy.com/products/uniapple-blvk-unicorn-e-liquid
Iota - Alternativ E Liquid,$24.99 ,100ml,http://breazy.com/products/iota-alternativ-e-liquid
Pastry Parts - G2 Vapor,$14.99 ,45ml,http://breazy.com/products/pastry-parts-g2-vapor
Blue Velvet - Cake Vapors,$4.99 ,,http://breazy.com/products/blue-velvet-cake-vapors
Bond - Savage E Liquid,$14.99 ,60ml,http://breazy.com/products/bond-savage-e-liquid
Tiramisu - Cake Vapors,$9.99 ,,http://breazy.com/products/tiramisu-cake-vapors
Choco Cream - Cookie King E Liquid,$9.99 ,100ml,http://breazy.com/products/choco-cream-cookie-king-e-liquid
Nutty Boba E Liquid - Jazzy Boba,$4.99 ,,http://breazy.com/products/nutty-boba-e-liquid-jazzy-boba
I Love Cookies E Liquid - Mad Hatter Juice,$14.99 ,30ml,http://breazy.com/products/i-love-cookies-e-liquid-mad-hatter-juice
Tropic Thunder Ice - Humble Juice Co,$19.99 ,120ml,http://breazy.com/products/tropic-thunder-ice-humble-juice-co
Blueberry Jam Cookie - Sad Boy E Liquid,$17.99 ,100ml,http://breazy.com/products/blueberry-jam-cookie-sad-boy-e-liquid
Caramel Queen - Custard King E Liquid,$19.99 ,100ml,http://breazy.com/products/caramel-queen-custard-king-e-liquid
Pie - The Drip Company E Liquid,$9.99 ,60ml,http://breazy.com/products/pie-the-drip-company-e-liquid
Blue Blood (Salt E Liquid) - SVLT E Liquid,$12.99 ,,http://breazy.com/products/blue-blood-high-salt-nicotine-svlt-e-liquid
caRnY4 - G2 Vapor,$11.99 ,,http://breazy.com/products/carny4-g2-vapor
ButtaBeer Green - ButtaBeer E Liquid,$14.99 ,,http://breazy.com/products/buttabeer-green-buttabeer-e-liquid
Grizzly - ANML Unleashed E Liquid,$16.99 ,60ml,http://breazy.com/products/grizzly-anml-unleashed-e-liquid
Granola Bar - Yogi E Liquid,$17.99 ,60ml,http://breazy.com/products/granola-bar-yogi-e-liquid
Mint - Solace Salts E Liquid,$12.99 ,30mg,http://breazy.com/products/mint-solace-salts-e-liquid
Sea Salt Caramel Ice Cream E Liquid - Charlie's Chalk Dust E Liquid,$14.99 ,,http://breazy.com/products/sea-salt-caramel-ice-cream-e-liquid-charlies-chalk-dust
Banana Milk - Kilo Moo Series E Liquid,$14.99 ,60ml,http://breazy.com/products/banana-milk-kilo-moo-series-e-liquid
Blue Raspberry Ice Sour Straws - Bazooka Sour Straws Ice E Liquid,$14.99 ,60ml,http://breazy.com/products/blue-raspberry-sour-straws-bazooka-sour-straws-ice-e-liquid
Pink Spark Ice- Humble Juice Co,$19.99 ,120ml,http://breazy.com/products/pink-spark-ice-humble-juice-co
Red Apple Peach - Killa Fruits E Liquid,$17.99 ,100ml,http://breazy.com/products/red-apple-peach-killa-fruits-e-liquid
Watermelon Patch (Salt E Liquid) - SVLT E Liquid,$12.99 ,,http://breazy.com/products/watermelon-patch-high-salt-nicotine-svlt-e-liquid
RazzHole - Hit That Juice,$26.99 ,60ml,http://breazy.com/products/razzhole-hit-that-juice
I Love Candy Watermelon - Mad Hatter E Juice,$19.99 ,60ml,http://breazy.com/products/i-love-candy-watermelon-mad-hatter-e-juice
Pear Almond - Ripe Vapes,$17.99 ,30ml,http://breazy.com/products/pear-almond-ripe-vapes
Buri E Liquid - Midnight Vapes,$7.99 ,30ml,http://breazy.com/products/buri-e-liquid-midnight-vapes
Blue Waffle - Fuggin Vapor E Liquid,$19.99 ,120ml,http://breazy.com/products/blue-waffle-fuggin-vapor-e-liquid
Fat Boy - Nasty Juice E Liquid,$14.99 ,60ml,http://breazy.com/products/fat-boy-nasty-juice-e-liquid
Green Apple Ice Sour Straws - Bazooka Sour Straws Ice E Liquid,$14.99 ,60ml,http://breazy.com/products/green-apple-sour-straws-bazooka-sour-straws-ice-e-liquid
Streek - Cosmic Fog Lost Fog Collection,$12.99 ,30ml,http://breazy.com/products/streek-cosmic-fog-lost-fog-collection
Won't Stop - Flawless E Liquid,$9.99 ,,http://breazy.com/products/wont-stop-flawless-e-liquid
BCB Lemon - Big Cheap Bottle E Liquid,$14.99 ,120ml,http://breazy.com/products/bcb-lemon-big-cheap-bottle-e-liquid
Strawberry Granola - Yogi E Liquid,$14.99 ,60ml,http://breazy.com/products/strawberry-granola-yogi-e-liquid
Green Goblin - Fuggin Vapor E Liquid,$19.99 ,120ml,http://breazy.com/products/green-goblin-fuggin-vapor-e-liquid
Fire N' Ice - Tropik 60 E Liquid,$14.99 ,,http://breazy.com/products/fire-n-ice-tropik-e-liquid
Amazing Mango - NKD 100 Salt E Liquid,$16.99 ,30ml,http://breazy.com/products/amazing-mango-nkd-100-salt-e-liquid
Pom - Tropik 60 E Liquid,$9.99 ,,http://breazy.com/products/pom-tropik-e-liquid
Trap Queen - Nasty Juice E Liquid,$14.99 ,60ml,http://breazy.com/products/trap-queen-nasty-juice-e-liquid
Sweet Mint Gum - Candy Pop E Liquid,$19.99 ,100ml,http://breazy.com/products/sweet-mint-gum-candy-pop-e-liquid
Vanilla Marshmallow - Mr Macaron E Liquid,$19.99 ,60ml,http://breazy.com/products/vanilla-marshmallow-mr-macaron-e-liquid
Caramel Almond MYLK - Brewell Vapory,$14.99 ,,http://breazy.com/products/caramel-almond-mylk-brewell-vapory
Sweet Nipples - Vapegoons E Liquid,$19.99 ,,http://breazy.com/products/sweet-nipples-vapegoons-e-liquid
Luckybird - Bluebird E Liquid,$19.99 ,60ml,http://breazy.com/products/luckybird-bluebird-e-liquid
Honey Crunch - Tailored House E Liquid,$14.99 ,100ml,http://breazy.com/products/honey-crunch-tailored-house-e-liquid
Menthol - Nic Salt Gost Vapor,$6.65 ,30ml,http://breazy.com/products/menthol-nic-salt-gost-vapor
Happy Melon - Big F'IN Deal E Liquid,$19.99 ,120ml,http://breazy.com/products/happy-melon-big-fin-deal-e-liquid
No. 05 - Beard Vape Co,$17.99 ,30ml,http://breazy.com/products/no-05-beard-vape-co
Crisp Apple - Frost Factory E Liquid,$19.99 ,100ml,http://breazy.com/products/crisp-apple-frost-factory-e-liquid
Peach Gummies - Candy Pop E Liquid,$19.99 ,100ml,http://breazy.com/products/peach-gummies-candy-pop-e-liquid
Crsp - Big F'IN Deal E Liquid,$14.99 ,120ml,http://breazy.com/products/crsp-big-fin-deal-e-liquid
Cake Berry Blaster - Rockt Punch E Liquid,$11.99 ,120ml,http://breazy.com/products/cake-berry-blaster-rockt-punch-e-liquid-1
Blue Razz - Air Factory Salts E Liquid,$17.99 ,30ml,http://breazy.com/products/blue-razz-air-factory-salts-e-liquid
Galil - Cold Fusion Juice,$17.99 ,,http://breazy.com/products/galil-cold-fusion-juice
The Man (Salt E Liquid) - One Hit Wonder E Liquid,$19.99 ,,http://breazy.com/products/the-man-salt-nicotine-one-hit-wonder-e-liquid
Blue's Lemonade (Salt E Liquid) - Salty Man E Liquid,$17.99 ,100ml,http://breazy.com/products/blues-lemonade-salty-man-e-liquid
Custard - Milks By Teleos,$19.99 ,30ml,http://breazy.com/products/custard-milks-by-teleos
Grappleberry (Salt E Liquid) - I Love Salts E Liquid,$17.99 ,30ml,http://breazy.com/products/grappleberry-salt-nicotine-i-love-salts-e-liquid
Unicoco - BLVK Unicorn E Liquid,$19.99 ,60ml,http://breazy.com/products/unicoco-blvk-unicorn-e-liquid
Can't Stop - Flawless E Liquid,$7.99 ,,http://breazy.com/products/cant-stop-flawless-e-liquid
Strawberry Jam Cookie - Sad Boy E Liquid,$17.99 ,100ml,http://breazy.com/products/strawberry-jam-cookie-sad-boy-e-liquid
Detective Fat Bastard - Five 0 E Liquid,$19.99 ,120ml,http://breazy.com/products/detective-fat-bastard-five-0-e-liquid
Fruit - Nic Salt Gost Vapor,$6.65 ,30ml,http://breazy.com/products/fruit-nic-salt-gost-vapor
Cool Menthol - Old Fashioned Elixir,$16.99 ,,http://breazy.com/products/cool-menthol-old-fashioned-elixir
I Love Taffy E Liquid- Mad Hatter Juice,$19.99 ,60ml,http://breazy.com/products/i-love-taffy-e-liquid-mad-hatter-juice
Apple Peach Sour Rings - The Finest Sweet & Sour E Liquid,$19.99 ,100ml,http://breazy.com/products/apple-peach-sour-rings-the-finest-sweet-sour-e-liquid
Banana Nuts - The Pancake House E Liquid,$14.99 ,100ml,http://breazy.com/products/banana-nuts-the-pancake-house-e-liquid
Experiment One - Teleos Labs E Liquid,$19.99 ,60ml,http://breazy.com/products/experiment-one-teleos-labs-e-liquid
Strawberry Sour Belt (Salt E Liquid) - SVLT E Liquid,$12.99 ,,http://breazy.com/products/strawberry-sour-belt-high-salt-nicotine-svlt-e-liquid
Fuji Apple Strawberry Nectarine - Pachamama E Liquid,$19.99 ,60ml,http://breazy.com/products/fuji-apple-strawberry-nectarine-pachamama-e-liquid
Pixy - Time Bomb Vapors,$21.99 ,30ml,http://breazy.com/products/pixy-time-bomb-vapors
The Cookie - Teleos Core E Liquid,$14.99 ,60ml,http://breazy.com/products/the-cookie-teleos-core-e-liquid
Bits - Breakfast At Teleos E Liquid,$34.99 ,60ml,http://breazy.com/products/bits-breakfast-at-teleos-e-liquid
Truffleberry - The Milkman Delights E Liquid,$11.99 ,60ml,http://breazy.com/products/truffleberry-the-milkman-delights-e-liquid
Clove - Ripe Vapes,$17.99 ,60ml,http://breazy.com/products/clove-ripe-vapes
Peach Iced Tea E Liquid - Snap Liquids,$17.99 ,30ml,http://breazy.com/products/peach-iced-tea-e-liquid-snap-liquids
Ruby Red Ice - Humble Juice Co,$19.99 ,120ml,http://breazy.com/products/ice-ruby-red-humble-juice-co
Astro - Space Jam,$18.99 ,30ml,http://breazy.com/products/astro-space-jam
Spearmint Gum (Salt E Liquid) - I Love Salts E Liquid,$17.99 ,30ml,http://breazy.com/products/spearmint-gum-salt-nicotine-i-love-salts-e-liquid
Killer Kustard Lemon - Killer Kustard by Vapetasia E Liquid,$11.99 ,60ml,http://breazy.com/products/killer-kustard-lemon-vapetasia-e-liquid
Salty Bird - Bluebird E Liquid,$17.99 ,30ml,http://breazy.com/products/salty-bird-bluebird-e-liquid
Breezy Shake (Salt E Liquid) - Milkshake E Liquids,$14.99 ,30ml,http://breazy.com/products/breezy-shake-salt-nicotine-milkshake-e-liquids
Cool Melons - Vape 100 E Liquid,$19.99 ,100ml,http://breazy.com/products/cool-melons-vape-100-e-liquid
Juice Box - Salty Man E Liquid,$17.99 ,100ml,http://breazy.com/products/juice-box-salty-man-e-liquid
Burst 30ml - Unicorn E Liquid,$9.99 ,,http://breazy.com/products/burst-30ml-unicorn-e-liquid
Watermelon Punch (Salt E Liquid) - Juice Roll-Upz Salt E Liquid,$19.99 ,60ml,http://breazy.com/products/watermelon-punch-salt-nicotine-juice-roll-upz-salt-e-liquid
Strawberry Kiwi - Salt Bae 50 E Liquid,$17.99 ,30ml,http://breazy.com/products/strawberry-kiwi-saltbae-50-e-liquid
Lucky Bastard - Cafe Racer E Liquid,$14.99 ,30ml,http://breazy.com/products/lucky-bastard-cafe-racer-e-liquid
Rabbix - Dripboy,$9.99 ,50ml,http://breazy.com/products/rabbix-dripboy
Green Ape - Nasty Juice E Liquid,$14.99 ,60ml,http://breazy.com/products/green-ape-nasty-juice-e-liquid
Bubble Purp - Chubby Bubble E Liquid,$19.99 ,60ml,http://breazy.com/products/bubble-purp-chubby-bubble-e-liquid
Wonder Worm - Charlie's Chalk Dust White Label,$19.99 ,30ml,http://breazy.com/products/wonder-worm-charlies-chalk-dust-white-label
Watermelon - Simply Fruit E Liquid,$14.99 ,,http://breazy.com/products/watermelon-simply-fruit-e-liquid
Purple Cheesecake - Mamasan E Liquid,$19.99 ,60ml,http://breazy.com/products/purple-cheesecake-mamasan-e-liquid
No. 00 - Beard Vape Co. E Liquid,$17.99 ,60ml,http://breazy.com/products/no-00-beard-vape-co-e-liquid
Lemon Cream - Nic Salt Gost Vapor,$6.65 ,30ml,http://breazy.com/products/lemon-cream-nic-salt-gost-vapor
Beta - Alternativ E Liquid,$24.99 ,100ml,http://breazy.com/products/beta-alternativ-e-liquid
Tobacco - Nic Salt Gost Vapor,$6.65 ,30ml,http://breazy.com/products/tobacco-nic-salt-gost-vapor
Grape Ice - Juice Roll-Upz Ice E Liquid,$19.99 ,60ml,http://breazy.com/products/grape-ice-juice-roll-upz-ice-e-liquid
Berries & Cream - V'nilla E Liquid,$9.99 ,60ml,http://breazy.com/products/berries-cream-vnilla-e-liquid
Dillinger E Liquid - Nasty x Kilo E Liquid,$9.99 ,60ml,http://breazy.com/products/dillinger-e-liquid-nasty-x-kilo-e-liquid
Salted Caramel - Mr Macaron E Liquid,$9.99 ,60ml,http://breazy.com/products/salted-caramel-mr-macaron-e-liquid
Shock and Awe - Cold Fusion Juice,$11.99 ,30ml,http://breazy.com/products/shock-and-awe-cold-fusion-juice
Buttabeer Blue - Buttabeer E Liquid,$14.99 ,120ml,http://breazy.com/products/buttabeer-blue-buttabeer-e-liquid
Alpha - Alternativ E Liquid,$24.99 ,100ml,http://breazy.com/products/alpha-alternativ-e-liquid
Tobacco Trail - Cuttwood,$21.99 ,30ml,http://breazy.com/products/tobacco-trail-cuttwood
Black Flag Risen - Original - Five Pawns E Liquid,$7.99 ,,http://breazy.com/products/black-flag-risen-original-five-pawns-e-liquid
Lemon Wafer - Cookie King E Liquid,$11.99 ,100ml,http://breazy.com/products/lemon-wafer-cookie-king-e-liquid
Harley Quinn - Savage E Liquid,$14.99 ,60ml,http://breazy.com/products/harley-quinn-savage-vapor-e-liquid
Watermelon Ice Sour Straws - Bazooka Sour Straws Ice E Liquid,$14.99 ,60ml,http://breazy.com/products/watermelon-sour-straws-bazooka-sour-straws-ice-e-liquid
Frankie Fatback - Five 0 E Liquid,$19.99 ,120ml,http://breazy.com/products/frankie-fatback-five-0-e-liquid
Stroopwafel - Charlie Noble,$19.99 ,60ml,http://breazy.com/products/stroopwafel-charlie-noble
Melon Milk Crusher - Rockt Punch E Liquid,$19.99 ,120ml,http://breazy.com/products/melon-milk-crusher-rockt-punch-e-liquid
Moist - Vapegoons E Liquid,$19.99 ,,http://breazy.com/products/moist-vapegoons-e-liquid
Sour Melon - Cosmic Fog Platinum E Liquid,$17.99 ,60ml,http://breazy.com/products/sour-melon-cosmic-fog-platinum-e-liquid
Strawberry Ice - Juice Roll-Upz Ice E Liquid,$14.99 ,30ml,http://breazy.com/products/strawberry-ice-juice-roll-upz-e-liquid
Unicake - BLVK Unicorn E Liquid,$19.99 ,60ml,http://breazy.com/products/unicake-blvk-unicorn-e-liquid
Strawberry Palm - Drip More E Liquid,$19.99 ,60ml,http://breazy.com/products/strawbe
Donut Give Up - Doughboys Vaped Goods,$14.99 ,60ml,http://breazy.com/products/donut-give-up-doughboys-vaped-goods
MAX 100 - Phillip Rocke E Liquid,$10.99 ,60ml,http://breazy.com/products/max-100-phillip-rocke-e-liquid
Mystic Magic - Magic Vapor E Liquid,$24.99 ,,http://breazy.com/products/mystic-magic-magic-vapor-e-liquid
Pound’er - Full Chubs E Juice,$11.99 ,60ml,http://breazy.com/products/pound-er-full-chubs-e-juice
Lemon Wafer - Cookie King E Liquid,$11.99 ,100ml,http://breazy.com/products/lemon-wafer-cookie-king-e-liquid
Harley Quinn - Savage E Liquid,$14.99 ,60ml,http://breazy.com/products/harley-quinn-savage-vapor-e-liquid
Watermelon Ice Sour Straws - Bazooka Sour Straws Ice E Liquid,$14.99 ,60ml,http://breazy.com/products/watermelon-sour-straws-bazooka-sour-straws-ice-e-liquid
Frankie Fatback - Five 0 E Liquid,$19.99 ,120ml,http://breazy.com/products/frankie-fatback-five-0-e-liquid
Stroopwafel - Charlie Noble,$19.99 ,60ml,http://breazy.com/products/stroopwafel-charlie-noble
Melon Milk Crusher - Rockt Punch E Liquid,$19.99 ,120ml,http://breazy.com/products/melon-milk-crusher-rockt-punch-e-liquid
Moist - Vapegoons E Liquid,$19.99 ,,http://breazy.com/products/moist-vapegoons-e-liquid
Sour Melon - Cosmic Fog Platinum E Liquid,$17.99 ,60ml,http://breazy.com/products/sour-melon-cosmic-fog-platinum-e-liquid
Strawberry Ice - Juice Roll-Upz Ice E Liquid,$19.99 ,30ml,http://breazy.com/products/strawberry-ice-juice-roll-upz-e-liquid
Unicake - BLVK Unicorn E Liquid,$19.99 ,60ml,http://breazy.com/products/unicake-blvk-unicorn-e-liquid
Strawberry Palm - Drip More E Liquid,$19.99 ,60ml,http://breazy.com/products/strawbe
Donut Give Up - Doughboys Vaped Goods,$14.99 ,60ml,http://breazy.com/products/donut-give-up-doughboys-vaped-goods
MAX 100 - Phillip Rocke E Liquid,$10.99 ,60ml,http://breazy.com/products/max-100-phillip-rocke-e-liquid
Mystic Magic - Magic Vapor E Liquid,$24.99 ,,http://breazy.com/products/mystic-magic-magic-vapor-e-liquid
Pound’er - Full Chubs E Juice,$11.99 ,60ml,http://breazy.com/products/pound-er-full-chubs-e-juice
Lemon Wafer - Cookie King E Liquid,$11.99 ,100ml,http://breazy.com/products/lemon-wafer-cookie-king-e-liquid
Harley Quinn - Savage E Liquid,$14.99 ,60ml,http://breazy.com/products/harley-quinn-savage-vapor-e-liquid
Watermelon Ice Sour Straws - Bazooka Sour Straws Ice E Liquid,$14.99 ,60ml,http://breazy.com/products/watermelon-sour-straws-bazooka-sour-straws-ice-e-liquid
Frankie Fatback - Five 0 E Liquid,$19.99 ,120ml,http://breazy.com/products/frankie-fatback-five-0-e-liquid
Stroopwafel - Charlie Noble,$19.99 ,60ml,http://breazy.com/products/stroopwafel-charlie-noble
Melon Milk Crusher - Rockt Punch E Liquid,$19.99 ,120ml,http://breazy.com/products/melon-milk-crusher-rockt-punch-e-liquid
Moist - Vapegoons E Liquid,$19.99 ,,http://breazy.com/products/moist-vapegoons-e-liquid
Sour Melon - Cosmic Fog Platinum E Liquid,$17.99 ,60ml,http://breazy.com/products/sour-melon-cosmic-fog-platinum-e-liquid
Strawberry Ice - Juice Roll-Upz Ice E Liquid,$19.99 ,30ml,http://breazy.com/products/strawberry-ice-juice-roll-upz-e-liquid
Unicake - BLVK Unicorn E Liquid,$19.99 ,60ml,http://breazy.com/products/unicake-blvk-unicorn-e-liquid
Strawberry Palm - Drip More E Liquid,$19.99 ,60ml,http://breazy.com/products/strawbe
Donut Give Up - Doughboys Vaped Goods,$14.99 ,60ml,http://breazy.com/products/donut-give-up-doughboys-vaped-goods
MAX 100 - Phillip Rocke E Liquid,$10.99 ,60ml,http://breazy.com/products/max-100-phillip-rocke-e-liquid
Mystic Magic - Magic Vapor E Liquid,$24.99 ,,http://breazy.com/products/mystic-magic-magic-vapor-e-liquid
Pound’er - Full Chubs E Juice,$11.99 ,60ml,http://breazy.com/products/pound-er-full-chubs-e-juice
Rainbow Road - Vapetasia E Liquid,$14.99 ,60ml,http://breazy.com/products/rainbow-road-vapetasia-e-liquid
Lemon Drop - Crisp E Liquid,$19.99 ,120ml,http://breazy.com/products/lemon-drop-crisp-e-liquid
Sweet Tobacco (Salt E Liquid) - I Love Salts E Liquid,$17.99 ,30ml,http://breazy.com/products/sweet-tobacco-salt-nicotine-i-love-salts-e-liquid
Green Tea MYLK E Liquid - Brewell Vapory,$9.99 ,,http://breazy.com/products/green-tea-mylk-e-liquid-brewell-vapory
White Gummi (30ml) - Moku E Liquid,$11.99 ,,http://breazy.com/products/white-gummi-30ml-moku-e-liquid
Heritage Smooth - The Milkman Heritage E Liquid,$17.99 ,60ml,http://breazy.com/products/heritage-smooth-the-milkman-heritage-e-liquid
Claim Your Throne - King's Crown,$19.99 ,,http://breazy.com/products/claim-your-throne-kings-crown
120 Strawberry Pop - 120 Pop Series E Liquid,$19.99 ,60ml,http://breazy.com/products/120-strawberry-pop-120-pop-series-e-liquid
Irreverence - Sicboy,$14.99 ,60ml,http://breazy.com/products/irreverence-sicboy
Fruit Cereal (Salt Nicotine) - I Love Salts E Liquid,$17.99 ,30ml,http://breazy.com/products/fruit-cereal-salt-nicotine-i-love-salts-e-liquid
Your Mom - Sicboy,$14.99 ,,http://breazy.com/products/your-mom-sicboy
Apple Kiwi - Rounds E Liquid,$15.37 ,100ml,http://breazy.com/products/apple-kiwi-rounds-e-liquid
Watermelon - Fun Drip E Liquid,$19.99 ,60ml,http://breazy.com/products/watermelon-fun-drip-e-liquid
The Gum - Phillip Rocke E Liquid,$9.99 ,30ml,http://breazy.com/products/the-gum-phillip-rocke-e-liquid
?Mystery? - Air Factory Salts E Liquid,$17.99 ,30ml,http://breazy.com/products/mystery-air-factory-salts-e-liquid
Sweet Taro Crunch Cake - Aloha E Liquids,$24.99 ,30ml,http://breazy.com/products/sweet-taro-crunch-cake-aloha-e-liquids
Bowden's Mate - Five Pawns,$19.99 ,30ml,http://breazy.com/products/bowdens-mate-five-pawns
Sweater Puppets Ice - Humble Juice Co.,$19.99 ,120ml,http://breazy.com/products/sweater-puppets-ice-humble-juice-co
Queenside - Five Pawns,$17.99 ,30ml,http://breazy.com/products/queenside-five-pawns
Blueberry Flapjacks - The Pancake House E Liquid,$14.99 ,100ml,http://breazy.com/products/blueberry-flapjacks-the-pancake-house-e-liquid
Very Cool - NKD 100 Salt E Liquid,$16.99 ,30ml,http://breazy.com/products/very-cool-nkd-100-salt-e-liquid
Strawberries - Down Under E Liquid,$17.99 ,,http://breazy.com/products/strawberries-down-under-e-liquid
Sicker than Most - Sicboy,$14.99 ,,http://breazy.com/products/sicker-than-most-sicboy-i-breazy-com
Ice Melon (TFN) - Sua Vapors,$14.99 ,,http://breazy.com/products/ice-melon-tfn-sua-vapors
Berry Trio - Cosmic Fog Platinum E Liquid,$14.99 ,60ml,http://breazy.com/products/berry-trio-cosmic-fog-platinum-e-liquid
Dirty Danish - Dirty Danish E Liquid,$19.99 ,60ml,http://breazy.com/products/dirty-danish-food-fighter-e-liquid
Octo - Gemini Vapors,$9.99 ,60ml,http://breazy.com/products/octo-gemini-vapors
Lemon Cake (Salt E Liquid) - SVLT E Liquid,$12.99 ,,http://breazy.com/products/lemon-cake-high-salt-nicotine-svlt-e-liquid
Strawberry Ice Sour Straws - Bazooka Sour Straws Ice E Liquid,$14.99 ,60ml,http://breazy.com/products/strawberry-sour-straws-bazooka-sour-straws-ice-e-liquid
Tropic Splash - Cosmic Fog Platinum E Liquid,$17.99 ,60ml,http://breazy.com/products/tropic-splash-cosmic-fog-platinum-e-liquid
Peach - Rounds E Liquid,$15.37 ,100ml,http://breazy.com/products/peach-rounds-e-liquid
Ultra Magnetic Fruitloop - Rockt Punch E Liquid,$19.99 ,120ml,http://breazy.com/products/ultra-magnetic-fruitloop-rockt-punch-e-liquid
Andromeda - Space Jam,$14.99 ,30ml,http://breazy.com/products/andromeda-space-jam
Swedish - Candy King On Ice E Liquid,$18.99 ,100ml,http://breazy.com/products/swedish-candy-king-on-ice-e-liquid
Bubble Razz - Chubby Bubble E Liquid,$19.99 ,60ml,http://breazy.com/products/bubble-razz-chubby-bubble-e-liquid
Honeydew Milkshake - Milks By Teleos,$19.99 ,30ml,http://breazy.com/products/honeydew-milkshake-milks-by-teleos
Don Cookie Butter - Stumps E Liquid,$19.99 ,100ml,http://breazy.com/products/don-cookie-butter-stumps-e-liquid
Pixie Tarts - The Milkman Delights E Liquid,$17.99 ,60ml,http://breazy.com/products/pixie-tarts-the-milkman-delights-e-liquid
Blue Raspberry Hard Candy - Candy Pop E Liquid,$19.99 ,100ml,http://breazy.com/products/blue-raspberry-hard-candy-candy-pop-e-liquid
Peppermint Patty - Solace Salts E Liquid,$12.99 ,30mg,http://breazy.com/products/peppermint-patty-solace-salts-e-liquid
Brevity - Five Pawns Red Label,$9.99 ,30ml,http://breazy.com/products/brevity-five-pawns-red-label
Peanut Butter & Jesus - Charlie's Chalk Dust E Liquid,$14.99 ,,http://breazy.com/products/peanut-butter-jesus-charlies-chalk-dust
Dewberry Fruit - Kilo Fruit Series E Liquid,$19.99 ,100ml,http://breazy.com/products/dewberry-fruit-kilo-fruit-series-e-liquid
Strawberry Milk - Kilo Moo Series E Liquid,$17.99 ,60ml,http://breazy.com/products/strawberry-milk-kilo-moo-series-e-liquid
Cuties (30ml) - Moku E Liquid,$11.99 ,,http://breazy.com/products/cuties-30ml-moku-e-liquid
MYLK Banana E Liquid - Brewell Vapory,$9.99 ,30ml,http://breazy.com/products/mylk-banana-e-liquid-brewell-vapory
Goon Drip - Vapegoons E Liquid,$19.99 ,,http://breazy.com/products/goon-drip-vapegoons-e-liquid
Melon Madness - Fruit Madness E Liquid,$17.99 ,60ml,http://breazy.com/products/melon-madness-fruit-madness-e-liquid
Strawberry Blonde - CRFT,$9.99 ,30ml,http://breazy.com/products/strawberry-blonde-crft
Cuties - Moku E Liquid,$49.99 ,180ml,http://breazy.com/products/cuties-moku-e-liquid
Hugh Jackman - Savage E Liquid,$14.99 ,60ml,http://breazy.com/products/hugh-jackman-savage-e-liquid
My Milkshake - Dripboy,$9.99 ,60ml,http://breazy.com/products/my-milkshake-dripboy
A.S.A.P. - Mamasan E Liquid,$19.99 ,60ml,http://breazy.com/products/a-s-a-p-mamasan-e-liquid
Yoghurt - Flavies,$4.99 ,,http://breazy.com/products/yoghurt-flavies
Marshmallow Crispy - Salty Man E Liquid,$17.99 ,100ml,http://breazy.com/products/marshmallow-crispy-salty-man-e-liquid
French Dude Nic Salts - Vape Breakfast Classics E Liquid,$11.99 ,30ml,http://breazy.com/products/french-dude-salt-e-liquid-vape-breakfast-classics-salt-e-liquid
Cola Shades - Summer Holidays E Liquid,$19.99 ,60ml,http://breazy.com/products/cola-shades-summer-holidays-e-liquid
Water Dragon Ice - Rounds E Liquid,$15.37 ,100ml,http://breazy.com/products/water-dragon-ice-rounds-e-liquid
Watermelon Frost - Mr. Freeze E Liquid,$19.99 ,60ml,http://breazy.com/products/watermelon-frost-mr-freeze-e-liquid
Wolfpack - ANML Unleashed E Liquid,$16.99 ,60ml,http://breazy.com/products/wolfpack-anml-unleashed-e-liquid
Green Apple - Salt Bae 50 E Liquid,$17.99 ,30ml,http://breazy.com/products/green-apple-saltbae-50-e-liquid
Oh Face E Liquid - Beantown Vapor,$14.99 ,30ml,http://breazy.com/products/oh-face-e-liquid-beantown-vapor
Rango - Crisp E Liquid,$19.99 ,120ml,http://breazy.com/products/rango-crisp-e-liquid
Honey Suckle - Crisp E Liquid,$19.99 ,120ml,http://breazy.com/products/honey-suckle-crisp-e-liquid
Gush-N-Pink Lemonade - Gush-N - E Liquid,$14.99 ,100ml,http://breazy.com/products/gush-n-pink-lemonade-gush-n-e-liquid
Honey Bear E Liquid,$7.99 ,,http://breazy.com/products/honey-bear-e-liquid
Cremlon - TearDrip E Liquid,$19.99 ,,http://breazy.com/products/cremlon-teardrip-e-liquid
Blewbacco - Steam Factory,$14.99 ,,http://breazy.com/products/blewbacco-steam-factory
Mango Twist (Salt E Liquid) - Pod Juice,$9.99 ,,http://breazy.com/products/mango-twist-salt-e-liquid-pod-juice
Slash - ANML Unleashed E Liquid,$9.99 ,60ml,http://breazy.com/products/slash-anml-unleashed-e-liquid
Mustache Milk - Charlie's Chalk Dust White Label,$19.99 ,30ml,http://breazy.com/products/mustache-milk-charlies-chalk-dust-white-label
Mango - NKTR E Liquid,$19.99 ,60ml,http://breazy.com/products/mango-nktr-e-liquid
Wicked Haze - Nasty Juice E Liquid,$14.99 ,60ml,http://breazy.com/products/wicked-haze-nasty-juice-e-liquid
Kiwi Strawberry E Liquid - Snap Liquids,$9.99 ,30ml,http://breazy.com/products/kiwi-strawberry-e-liquid-snap-liquids
Strawberry Pie - Granny's Pie E Liquid,$14.99 ,120ml,http://breazy.com/products/strawberry-pie-grannys-pie-e-liquid
The King - King's Crown,$9.99 ,,http://breazy.com/products/the-king-kings-crown
Blueberry Granola - Yogi E Liquid,$17.99 ,60ml,http://breazy.com/products/blueberry-granola-yogi-e-liquid
Head Bangin' Boogie - Charlie's Chalk Dust E Liquid,$14.99 ,,http://breazy.com/products/head-bangin-boogie-charlies-chalk-dust
Guave - Glas E Liquid,$24.99 ,30ml,http://breazy.com/products/guave-glas-e-liquid
Bolt - Moku E Liquid,$45.99 ,,http://breazy.com/products/bolt-moku-e-liquid
Revenge of the Geeks - TearDrip E Liquid,$19.99 ,,http://breazy.com/products/revenge-of-the-geeks-teardrip-e-liquid
Grape Chew Candy - Candy Pop E Liquid,$19.99 ,100ml,http://breazy.com/products/grape-drops-candy-pop-e-liquid
Night Shift - Velvet Cloud Vapor,$12.99 ,,http://breazy.com/products/night-shift-velvet-cloud-vapor
Lieutenant La-Dasha - Five 0 E Liquid,$49.99 ,120ml,http://breazy.com/products/lieutenant-la-dasha-five-0-e-liquid
Juicy Watermelon - Salt Bae 50 E Liquid,$17.99 ,30ml,http://breazy.com/products/juicy-watermelon-saltbae-50-e-liquid
Pure E Liquid - Aqua Marina Vape,$19.99 ,60ml,http://breazy.com/products/pure-e-liquid-aqua-marina-vape
Pancake Man Nic Salts - Vape Breakfast Classics E Liquid,$11.99 ,30ml,http://breazy.com/products/pancake-man-salt-e-liquid-vape-breakfast-classics-salt-e-liquid
OFT - Glas E Liquid,$24.99 ,30ml,http://breazy.com/products/oft-glas-e-liquid
Vani-Tea - Steam Factory,$14.99 ,,http://breazy.com/products/vani-tea-steam-factory
Bruce Leechee - Mamasan E Liquid,$19.99 ,60ml,http://breazy.com/products/bruce-leechee-mamasan-e-liquid
Strawberine - Crisp E Liquid,$19.99 ,120ml,http://breazy.com/products/strawberine-crisp-e-liquid
Emericano - Gold Leaf Liquids,$19.99 ,100ml,http://breazy.com/products/emericano-gold-leaf-liquids
Gush-N-Strawberry - Gush-N - E Liquid,$14.99 ,,http://breazy.com/products/gush-n-strawberry-gush-n-e-liquid
Buttercream - Cream Team E Liquid,$17.99 ,100ml,http://breazy.com/products/buttercream-cream-team-e-liquid
Liquid S'mores - Milks By Teleos,$19.99 ,30ml,http://breazy.com/products/liquid-smores-milks-by-teleos
Cotton Candy (Salt E Liquid) - Mr. Salt-E E Liquid,$15.99 ,30ml,http://breazy.com/products/cotton-candy-salt-nicotine-mr-salt-e-e-liquid
Honey Badger - Charlie's Chalk Dust White Label,$14.99 ,,http://breazy.com/products/honey-badger-charlies-chalk-dust-white-label
Honeysuckle Apple Crisp - Ripe Vapes,$19.99 ,30ml,http://breazy.com/products/honeysuckle-apple-crisp-ripe-vapes
Rhino Ginger Brew - Stumps E Liquid,$19.99 ,100ml,http://breazy.com/products/rhino-ginger-brew-stumps-e-liquid
Asap Grape - Nasty Juice E Liquid,$14.99 ,60ml,http://breazy.com/products/asap-grape-nasty-juice-e-liquid
VCT - Ripe Vapes Salt E Liquid,$17.99 ,30ml,http://breazy.com/products/vct-ripe-vapes-salt-e-liquid
99 Pink Balloons - SVLT E Liquid,$12.99 ,,http://breazy.com/products/99-pink-balloons-high-salt-nicotine-svlt-e-liquid
Mango - Skwezed E Liquid,$19.99 ,100ml,http://breazy.com/products/mango-skwezed-e-liquid
Strawberry Lemonade Frost - Mr. Freeze E Liquid,$19.99 ,60ml,http://breazy.com/products/strawberry-lemonade-frost-mr-freeze-e-liquid
Catatonic - Sicboy,$14.99 ,30ml,http://breazy.com/products/catatonic-sicboy
Cookie Dream - Tailored House E Liquid,$17.99 ,100ml,http://breazy.com/products/cookie-dream-tailored-house-e-liquid
Arctic Unicorn - The Drip Company Coffee Shop Edition E Liquid,$14.99 ,120ml,http://breazy.com/products/arctic-unicorn-the-drip-company-coffee-shop-edition-e-liquid
Glazed Milk - Dairy King E Liquid,$4.99 ,,http://breazy.com/products/glazed-milk-dairy-king-e-liquid
Strawberry Cookie Milk - Alloy's E Liquid,$14.99 ,60ml,http://breazy.com/products/strawberry-cookie-milk-alloys-e-liquid
Classic Gold - Old Fashioned Elixir,$14.99 ,60ml,http://breazy.com/products/classic-gold-old-fashioned-elixir
Screwbacco - Steam Factory,$14.99 ,30ml,http://breazy.com/products/screwbacco-steam-factory
Berries Reds Apple E Juice - Vape 7 Daze,$19.99 ,60ml,http://breazy.com/products/berries-reds-apple-e-juice-vape-7-daze
Blue Raspberry - I Love Salts E Liquid,$17.99 ,30ml,http://breazy.com/products/blue-raspberry-i-love-salts-e-liquid
Fire - VTMN E Liquid,$19.99 ,,http://breazy.com/products/fire-vtmn-e-liquid
Mango Custard - Fruit N Custard E Liquid,$24.99 ,,http://breazy.com/products/mango-custard-fruit-n-custard-e-liquid
Watermelone - Drip More E Liquid,$6.99 ,60ml,http://breazy.com/products/watermelone-drip-more-e-liquid
Mafia Princess - Smax E Liquid,$19.99 ,30ml,http://breazy.com/products/mafia-princess-smax-e-liquid
Strawberry Fried Cream Cakes - Liquid EFX E Liquid,$11.99 ,60ml,http://breazy.com/products/strawberry-fried-cream-cakes-e-liquid
Far Neon Green Slushie - Element E Liquid,$17.99 ,60ml,http://breazy.com/products/far-neon-green-slushie-element-e-liquid
Strawberry Kiwi - Drip More E Liquid,$6.99 ,60ml,http://breazy.com/products/strawberry-kiwi-drip-more-e-liquid
Frost - Element E Liquid,$19.99 ,,http://breazy.com/products/frost-element-e-liquid
Savage Patch (Salt E Liquid) - Pod Juice,$9.99 ,,http://breazy.com/products/savage-patch-salt-e-liquid-pod-juice
Loops (Salt E Liquid) - Pod Juice,$9.99 ,,http://breazy.com/products/loops-salt-e-liquid-pod-juice
100 Grand - Gemini Vapors,$9.99 ,60ml,http://breazy.com/products/100-grand-gemini-vapors
MYLK Melon E Liquid - Brewell Vapory,$9.99 ,30ml,http://breazy.com/products/mylk-melon-e-liquid-brewell-vapory
Shurbfol - Jimmy The Juice Man,$17.99 ,60ml,http://breazy.com/products/shurbfol-jimmy-the-juice-man
Flak’d - Primitive Vapor Co E Liquid,$24.99 ,60ml,http://breazy.com/products/flak-d-primitive-vapor-co-e-liquid
Sweet Caramel Tobacco - Salt Bae 50 E Liquid,$17.99 ,30ml,http://breazy.com/products/sweet-caramel-tobacco-saltbae-50-e-liquid
Seedless Sour - Salty Man E Liquid,$17.99 ,100ml,http://breazy.com/products/seedless-sour-salty-man-e-liquid
Unicorn Cakes Nic Salts - Vape Breakfast Classics E Liquid,$16.99 ,,http://breazy.com/products/unicorn-cakes-salt-nicotine-vape-breakfast-classics-salt-e-liquid
Tropical Mango (Salt E Liquid) - VGOD Tricklyfe E Liquids,$15.99 ,30ml,http://breazy.com/products/tropical-mango-salt-nicotine-vgod-tricklyfe-e-liquids
Amazing Honeydew - Custard King E Liquid,$19.99 ,100ml,http://breazy.com/products/amazing-honeydew-custard-king-e-liquid
Apple Jay Jay (Salt E Liquid) - SVLT E Liquid,$14.99 ,30ml,http://breazy.com/products/apple-jay-jay-high-salt-nicotine-svlt-e-liquid
Apple Fritter - Loaded E Liquid,$19.99 ,120ml,http://breazy.com/products/apple-fritter-loaded-e-liquid
White - Standard Vape E Liquid,$19.99 ,60ml,http://breazy.com/products/white-gummy-standard-vape-e-liquid
Mr. Meringue - Mr. Meringue E Liquid,$19.99 ,60ml,http://breazy.com/products/mr-meringue-mr-meringue-e-liquid
Mangosteen (TFN) - Sua Vapors,$14.99 ,,http://breazy.com/products/mangosteen-tfn-sua-vapors
Bond (Salt E Liquid) - Savage E Liquid,$14.99 ,30ml,http://breazy.com/products/bond-salt-nicotine-savage-e-liquid
Bean Bags - 80V E Liquid,$21.99 ,60ml,http://breazy.com/products/bean-bags-80v-e-liquid
Laffy - Clown Premium Liquids,$19.99 ,30ml,http://breazy.com/products/laffy-clown-premium-liquids
Heritage Gold - The Milkman Heritage E Liquid,$17.99 ,60ml,http://breazy.com/products/heritage-gold-the-milkman-heritage-e-liquid
Kool Peach - Salty Man E Liquid,$14.99 ,100ml,http://breazy.com/products/kool-peach-salty-man-e-liquid
Fruit on the Bottom - Charlie Noble Yogurt,$13.99 ,,http://breazy.com/products/fruit-on-the-bottom-charlie-noble-yogurt
The Queen - Strawberry Queen E Liquid,$14.99 ,,http://breazy.com/products/the-queen-strawberry-queen-e-liquid
Belts - Candy King On Ice E Liquid,$11.99 ,100ml,http://breazy.com/products/belts-candy-king-on-ice-e-liquid
Guava Pop - Mamasan E Liquid,$19.99 ,60ml,http://breazy.com/products/guava-pop-mamasan-e-liquid
Blue Raspberry (Salt E Liquid) - Pod Juice,$9.99 ,,http://breazy.com/products/blue-raspberry-salt-e-liquid-pod-juice
Stingy Jack - Suicide Bunny,$19.99 ,60ml,http://breazy.com/products/stingy-jack-suicide-bunny
Rainbow Drops - Aqua Marina Salt E Liquid,$14.99 ,30ml,http://breazy.com/products/rainbow-drops-aqua-marina-salt-e-liquid
Peachy Tea - Drip More E Liquid,$19.99 ,60ml,http://breazy.com/products/peachy-tea-drip-more-e-liquid
Blue Blood (Salt E Liquid) - SVLT E Liquid,$16.99 ,120ml,http://breazy.com/products/blue-blood-salt-nicotine-svlt-e-liquid
Pennywise - Clown Premium Liquids,$19.99 ,30ml,http://breazy.com/products/pennywise-clown-premium-liquids
Concentrated Liquid Menthol - Fuggin Vapor E Liquid,$5.99 ,,http://breazy.com/products/concentrated-liquid-menthol-fuggin-vapor-e-liquid
Strawberry Dream (Salt E Liquid) - Pod Juice,$9.99 ,,http://breazy.com/products/strawberry-dream-salt-e-liquid-pod-juice
Dapple Whip - Cosmic Fog Lost Fog Collection,$9.99 ,30ml,http://breazy.com/products/dapple-whip-cosmic-fog-lost-fog-collection
Kibitzer - Five Pawns Red Label,$9.99 ,30ml,http://breazy.com/products/kibitzer-five-pawns-red-label
Lemon Milk - Dairy King E Liquid,$4.99 ,,http://breazy.com/products/lemon-milk-dairy-king-e-liquid
Mango Lassi - Milks By Teleos,$14.99 ,30ml,http://breazy.com/products/mango-lassi-milks-by-teleos
Iced Chee - Air Factory Salts E Liquid,$17.99 ,30ml,http://breazy.com/products/iced-chee-air-factory-salts-e-liquid
Koi - Gemini Vapors,$9.99 ,60ml,http://breazy.com/products/koi-gemini-vapors
Vanilla Custard - Velvet Cloud Vapor,$12.99 ,,http://breazy.com/products/vanilla-custard-velvet-cloud-vapor
Blue Pop Shock- G2 Vapor,$14.99 ,45ml,http://breazy.com/products/blue-pop-shock-g2-vapor
Butterface - Full Chubs E Juice,$11.99 ,60ml,http://breazy.com/products/butterface-full-chubs-e-juice
Quartet - Black Note E Liquid,$24.99 ,,http://breazy.com/products/quartet-black-note-e-liquid
Harvest Berry - Velvet Cloud Vapor,$6.99 ,,http://breazy.com/products/harvest-berry-velvet-cloud-vapor
Enter The Dragon Iced - Phillip Rocke E Liquid,$9.99 ,30ml,http://breazy.com/products/enter-the-dragon-on-ice-phillip-rocke-e-liquid
C. Underwood - Savage E Liquid,$14.99 ,60ml,http://breazy.com/products/claire-underwood-savage-e-liquid
Wild Watermelon Lemonade - Lemon Twist E Liquid,$21.99 ,60ml(x2),http://breazy.com/products/wild-watermelon-lemonade-lemon-twist-e-liquid
Home Slice - Phillip Rocke E Liquid,$9.99 ,30ml,http://breazy.com/products/home-slice-phillip-rocke-e-liquid
Gush-N-Strawberry On Ice - Gush-N - E Liquid,$11.99 ,100ml,http://breazy.com/products/gush-n-strawberry-on-ice-gush-n-e-liquid
Slop - Hobo Joe's E Liquid,$24.99 ,,http://breazy.com/products/slop-hobo-joes-e-liquid
Prelude - Black Note E Liquid,$24.99 ,,http://breazy.com/products/prelude-black-note-e-liquid
Lush Ice (Salt E Liquid) - VGOD Tricklyfe E Liquids,$15.99 ,30ml,http://breazy.com/products/lushice-salt-nicotine-vgod-tricklyfe-e-liquids
Hawaiian Pod (Salt E Liquid) - Pod Juice,$9.99 ,,http://breazy.com/products/hawaiian-pod-salt-e-liquid-pod-juice
Gambino E Liquid - Nasty x Kilo E Liquid,$19.99 ,60ml,http://breazy.com/products/gambino-e-liquid-nasty-x-kilo-e-liquid
Blue Ballz - Steam Factory,$14.99 ,,http://breazy.com/products/blue-ballz-steam-factory
The Hotel Lobby - Teleos Remixed,$34.99 ,30ml,http://breazy.com/products/the-hotel-lobby-teleos-remixed
Green Blast - NKD 100 Salt E Liquid,$16.99 ,30ml,http://breazy.com/products/green-blast-nkd-100-salt-e-liquid
Twisty - Clown Premium Liquids,$24.99 ,30ml,http://breazy.com/products/twisty-clown-premium-liquids
Bundthead - Dripboy,$9.99 ,,http://breazy.com/products/bundthead-dripboy
Flaked - Aisle 7,$19.99 ,30ml,http://breazy.com/products/flaked-aisle-7
Almond Milk - Dairy King E Liquid,$4.99 ,,http://breazy.com/products/almond-milk-dairy-king-e-liquid
Watermelon Blast (Salt E Liquid) - Pod Juice,$9.99 ,,http://breazy.com/products/watermelon-blast-salt-e-liquid-pod-juice
Coffee Bun - Bun Shoppe Eliquids,$9.99 ,90ml,http://breazy.com/products/coffee-bun-bun-shoppe-eliquids
Turkish Blend - Old Fashioned Elixir,$14.99 ,60ml,http://breazy.com/products/turkish-blend-old-fashioned-elixir
Quenched - Alloy Blends Electrum E Liquid,$9.99 ,60ml,http://breazy.com/products/quenched-alloy-blends-electrum-e-liquid
Screwbacco Menthol - Steam Factory,$7.99 ,30ml,http://breazy.com/products/screwbacco-menthol-steam-factory
Morning Fire - BFB E Liquid By Flawless,$24.99 ,240ml,http://breazy.com/products/morning-fire-bfb-e-liquid-by-flawless
Adam and Eve - Gemini Vapors,$9.99 ,60ml,http://breazy.com/products/adam-and-eve-gemini-vapors
Marcellus - Savage E Liquid,$17.99 ,100ml,http://breazy.com/products/marcellus-savage-e-liquid
Mad Mango E Liquid - Snap Liquids,$9.99 ,30ml,http://breazy.com/products/mad-mango-e-liquid-snap-liquids
No. 64 - Beard Vape Co,$17.99 ,30ml,http://breazy.com/products/no-64-beard-vape-co
Nutty Cookie - Velvet Cloud Vapor,$7.99 ,,http://breazy.com/products/nutty-cookie-velvet-cloud-vapor
Apple Raspberry Snap E Liquid - Snap Liquids,$14.99 ,100ml,http://breazy.com/products/apple-raspberry-snap-e-liquid-snap-liquids
Apple Ice - Juice Roll-Upz Ice E Liquid,$19.99 ,60ml,http://breazy.com/products/apple-ice-juice-roll-upz-ice-e-liquid
Gush Blue - Midnight Vapes,$14.99 ,60ml,http://breazy.com/products/gush-blue-midnight-vapes
Lovebird - Bluebird E Liquid,$19.99 ,60ml,http://breazy.com/products/lovebird-bluebird-e-liquid
Black Orange Crush - Summer Holidays E Liquid,$19.99 ,60ml,http://breazy.com/products/black-orange-crush-summer-holidays-e-liquid
Water Dragon - Rounds E Liquid,$15.37 ,100ml,http://breazy.com/products/water-dragon-rounds-e-liquid
The Mint Leaf - Pachamama E Liquid,$19.99 ,60ml,http://breazy.com/products/the-mint-leaf-pachamama-e-liquid
Berry - Snozz E Liquid,$9.99 ,,http://breazy.com/products/berry-snozz-e-liquid
Rocketman (Salt E Liquid) - One Hit Wonder E Liquid,$19.99 ,100ml,http://breazy.com/products/rocketman-salt-nicotine-one-hit-wonder-e-liquid
Tasty! - Crush Fruits E Liquid,$24.99 ,,http://breazy.com/products/tasty-crush-fruits
Original Bold - Old Fashioned Elixir,$14.99 ,60ml,http://breazy.com/products/original-bold-old-fashioned-elixir
Strawb Gwab - Velvet Cloud Vapor,$12.99 ,,http://breazy.com/products/strawb-gwab-velvet-cloud-vapor
